source,target,datatype,weight,evidence
ENSG00000103460,EFO_0009443,genetic_association,0.5338,1
ENSG00000120262,EFO_0009443,genetic_association,0.4225,1
ENSG00000012048,EFO_0009649,genetic_association,0.5282,5
ENSG00000039068,EFO_0009649,genetic_association,0.1947,1
ENSG00000072571,EFO_0009649,genetic_association,0.1947,1
ENSG00000083093,EFO_0009649,genetic_association,0.8494,9
ENSG00000083093,EFO_0009649,genetic_literature,0.9072,6
ENSG00000095015,EFO_0009649,genetic_literature,0.3041,1
ENSG00000099949,EFO_0009649,genetic_literature,0.3041,1
ENSG00000118046,EFO_0009649,genetic_association,0.1947,1
ENSG00000126214,EFO_0009649,genetic_association,0.3041,1
ENSG00000126215,EFO_0009649,genetic_association,0.3041,1
ENSG00000134982,EFO_0009649,genetic_association,0.3041,1
ENSG00000138376,EFO_0009649,genetic_association,0.6357,2
ENSG00000138376,EFO_0009649,genetic_literature,0.73,3
ENSG00000139618,EFO_0009649,genetic_association,0.6481,10
ENSG00000148795,EFO_0009649,genetic_association,0.3041,1
ENSG00000149311,EFO_0009649,genetic_association,0.8883,19
ENSG00000149311,EFO_0009649,genetic_literature,0.7604,2
ENSG00000164053,EFO_0009649,genetic_literature,0.3041,1
ENSG00000166323,EFO_0009649,genetic_association,0.8613,10
ENSG00000167085,EFO_0009649,genetic_association,0.3041,1
ENSG00000171862,EFO_0009649,genetic_association,0.1947,1
ENSG00000183765,EFO_0009649,genetic_association,0.8401,8
ENSG00000183765,EFO_0009649,genetic_literature,0.7604,2
ENSG00000185379,EFO_0009649,genetic_association,0.1947,1
ENSG00000091831,EFO_0009782,known_drug,0.1217,1
ENSG00000153823,EFO_0009782,genetic_association,0.1385,1
ENSG00000169083,EFO_0009782,known_drug,0.1217,1
ENSG00000187720,EFO_0009782,genetic_association,0.4658,1
ENSG00000187957,EFO_0009782,genetic_association,0.434,1
ENSG00000012048,EFO_0022984,genetic_association,0.5475,1
ENSG00000012048,EFO_0022984,literature,0.0365,1
ENSG00000083093,EFO_0022984,genetic_association,0.1825,1
ENSG00000116062,EFO_0022984,genetic_association,0.1825,1
ENSG00000117118,EFO_0022984,genetic_association,0.1825,1
ENSG00000127616,EFO_0022984,genetic_association,0.1825,1
ENSG00000138081,EFO_0022984,genetic_association,0.1825,1
ENSG00000139618,EFO_0022984,genetic_association,0.5475,1
ENSG00000258839,EFO_0022984,genetic_association,0.1825,1
ENSG00000039068,MONDO_0000552,literature,0.719,248
ENSG00000039068,MONDO_0000552,somatic_mutation,0.5961,2
ENSG00000055609,MONDO_0000552,somatic_mutation,0.6083,1
ENSG00000065559,MONDO_0000552,somatic_mutation,0.6083,1
ENSG00000067955,MONDO_0000552,literature,0.0182,1
ENSG00000067955,MONDO_0000552,somatic_mutation,0.6083,1
ENSG00000077782,MONDO_0000552,literature,0.2159,4
ENSG00000077782,MONDO_0000552,somatic_mutation,0.4562,1
ENSG00000091831,MONDO_0000552,literature,0.5874,122
ENSG00000091831,MONDO_0000552,somatic_mutation,0.6083,1
ENSG00000095015,MONDO_0000552,literature,0.038,2
ENSG00000095015,MONDO_0000552,somatic_mutation,0.6083,1
ENSG00000120217,MONDO_0000552,literature,0.2664,5
ENSG00000120217,MONDO_0000552,somatic_mutation,0.4562,1
ENSG00000121879,MONDO_0000552,literature,0.0903,15
ENSG00000121879,MONDO_0000552,somatic_mutation,0.6083,1
ENSG00000129514,MONDO_0000552,literature,0.035,2
ENSG00000129514,MONDO_0000552,somatic_mutation,0.6083,1
ENSG00000135111,MONDO_0000552,literature,0.0122,1
ENSG00000135111,MONDO_0000552,somatic_mutation,0.6083,1
ENSG00000136754,MONDO_0000552,somatic_mutation,0.6083,1
ENSG00000136997,MONDO_0000552,literature,0.2083,4
ENSG00000136997,MONDO_0000552,somatic_mutation,0.4562,1
ENSG00000141027,MONDO_0000552,somatic_mutation,0.6083,1
ENSG00000141510,MONDO_0000552,literature,0.1683,24
ENSG00000141510,MONDO_0000552,somatic_mutation,0.4562,1
ENSG00000141736,MONDO_0000552,literature,0.4204,164
ENSG00000141736,MONDO_0000552,somatic_mutation,0.6083,1
ENSG00000142208,MONDO_0000552,literature,0.0806,4
ENSG00000142208,MONDO_0000552,somatic_mutation,0.6083,1
ENSG00000142611,MONDO_0000552,somatic_mutation,0.6083,1
ENSG00000143252,MONDO_0000552,literature,0.0304,1
ENSG00000143252,MONDO_0000552,somatic_mutation,0.6083,1
ENSG00000144218,MONDO_0000552,somatic_mutation,0.6083,1
ENSG00000145012,MONDO_0000552,somatic_mutation,0.6083,1
ENSG00000147257,MONDO_0000552,literature,0.0122,1
ENSG00000147257,MONDO_0000552,somatic_mutation,0.6083,1
ENSG00000147655,MONDO_0000552,somatic_mutation,0.6083,1
ENSG00000157168,MONDO_0000552,somatic_mutation,0.6083,1
ENSG00000167258,MONDO_0000552,literature,0.0928,2
ENSG00000167258,MONDO_0000552,somatic_mutation,0.4562,1
ENSG00000171735,MONDO_0000552,somatic_mutation,0.6083,1
ENSG00000171862,MONDO_0000552,literature,0.1722,7
ENSG00000171862,MONDO_0000552,somatic_mutation,0.4562,1
ENSG00000189283,MONDO_0000552,somatic_mutation,0.6083,1
ENSG00000214827,MONDO_0000552,somatic_mutation,0.6083,1
ENSG00000286522,MONDO_0000552,somatic_mutation,0.6083,1
ENSG00000146648,MONDO_0000616,known_drug,0.1217,1
ENSG00000066468,MONDO_0000618,genetic_association,0.5425,1
ENSG00000083307,MONDO_0000618,genetic_association,0.3437,1
ENSG00000087494,MONDO_0000618,genetic_association,0.3844,1
ENSG00000091831,MONDO_0000618,genetic_association,0.5648,3
ENSG00000095015,MONDO_0000618,genetic_association,0.2305,1
ENSG00000100154,MONDO_0000618,genetic_association,0.4157,1
ENSG00000103460,MONDO_0000618,genetic_association,0.549,1
ENSG00000110092,MONDO_0000618,genetic_association,0.2671,1
ENSG00000118245,MONDO_0000618,genetic_association,0.3266,1
ENSG00000120262,MONDO_0000618,genetic_association,0.1076,3
ENSG00000138311,MONDO_0000618,genetic_association,0.19,1
ENSG00000153823,MONDO_0000618,genetic_association,0.1385,1
ENSG00000163491,MONDO_0000618,genetic_association,0.4536,1
ENSG00000187720,MONDO_0000618,genetic_association,0.4658,1
ENSG00000187957,MONDO_0000618,genetic_association,0.434,1
ENSG00000198901,MONDO_0000618,genetic_association,0.2994,1
ENSG00000212993,MONDO_0000618,genetic_association,0.4028,1
ENSG00000010610,MONDO_0002486,literature,0.8845,127
ENSG00000100292,MONDO_0002486,literature,0.6754,13
ENSG00000102524,MONDO_0002486,literature,0.7696,81
ENSG00000105369,MONDO_0002486,literature,0.7428,54
ENSG00000106804,MONDO_0002486,literature,0.8051,18
ENSG00000108691,MONDO_0002486,literature,0.8033,156
ENSG00000112115,MONDO_0002486,literature,0.7914,100
ENSG00000115457,MONDO_0002486,literature,0.6643,9
ENSG00000116044,MONDO_0002486,literature,0.7179,17
ENSG00000118785,MONDO_0002486,literature,0.7348,32
ENSG00000125571,MONDO_0002486,literature,0.741,13
ENSG00000125730,MONDO_0002486,literature,0.7816,345
ENSG00000131981,MONDO_0002486,literature,0.6648,6
ENSG00000132693,MONDO_0002486,literature,0.6809,67
ENSG00000135218,MONDO_0002486,literature,0.667,6
ENSG00000136634,MONDO_0002486,literature,0.7415,48
ENSG00000137965,MONDO_0002486,literature,0.6783,10
ENSG00000138755,MONDO_0002486,literature,0.6588,4
ENSG00000150782,MONDO_0002486,literature,0.7705,52
ENSG00000153563,MONDO_0002486,literature,0.8407,80
ENSG00000156234,MONDO_0002486,literature,0.8053,24
ENSG00000163565,MONDO_0002486,literature,0.6671,6
ENSG00000169245,MONDO_0002486,literature,0.8844,39
ENSG00000170017,MONDO_0002486,literature,0.7737,30
ENSG00000172349,MONDO_0002486,literature,0.6527,11
ENSG00000177575,MONDO_0002486,literature,0.8795,56
ENSG00000189403,MONDO_0002486,literature,0.7081,42
ENSG00000196126,MONDO_0002486,literature,0.7876,13
ENSG00000197405,MONDO_0002486,literature,0.7837,13
ENSG00000244731,MONDO_0002486,literature,0.7099,186
ENSG00000134250,MONDO_0002490,somatic_mutation,0.3041,1
ENSG00000028137,MONDO_0003024,literature,0.6083,1
ENSG00000067182,MONDO_0003024,literature,0.6083,1
ENSG00000105664,MONDO_0003024,literature,0.6142,3
ENSG00000108691,MONDO_0003024,literature,0.6742,16
ENSG00000111424,MONDO_0003024,literature,0.5502,3
ENSG00000112115,MONDO_0003024,literature,0.5202,35
ENSG00000112715,MONDO_0003024,literature,0.7221,29
ENSG00000115380,MONDO_0003024,literature,0.5449,12
ENSG00000118785,MONDO_0003024,literature,0.6,23
ENSG00000124256,MONDO_0003024,literature,0.59,1
ENSG00000136869,MONDO_0003024,literature,0.6174,11
ENSG00000136960,MONDO_0003024,literature,0.7878,9
ENSG00000137033,MONDO_0003024,literature,0.848,22
ENSG00000137462,MONDO_0003024,literature,0.5678,4
ENSG00000137673,MONDO_0003024,literature,0.9398,93
ENSG00000147257,MONDO_0003024,literature,0.5339,3
ENSG00000148700,MONDO_0003024,literature,0.8174,33
ENSG00000153563,MONDO_0003024,literature,0.7307,47
ENSG00000162772,MONDO_0003024,literature,0.6083,1
ENSG00000162896,MONDO_0003024,literature,0.6704,4
ENSG00000164736,MONDO_0003024,literature,0.6992,9
ENSG00000168610,MONDO_0003024,literature,0.6428,6
ENSG00000169429,MONDO_0003024,literature,0.7048,47
ENSG00000170458,MONDO_0003024,literature,0.6204,16
ENSG00000181092,MONDO_0003024,literature,0.5598,4
ENSG00000189403,MONDO_0003024,literature,0.7925,9
ENSG00000197635,MONDO_0003024,literature,0.6113,2
ENSG00000232810,MONDO_0003024,literature,0.5209,56
ENSG00000234741,MONDO_0003024,literature,0.6083,1
ENSG00000240498,MONDO_0003024,literature,0.6083,1
ENSG00000005339,MONDO_0003185,literature,0.0304,1
ENSG00000005339,MONDO_0003185,somatic_mutation,0.4562,1
ENSG00000055609,MONDO_0003185,somatic_mutation,0.4562,1
ENSG00000077782,MONDO_0003185,somatic_mutation,0.4562,1
ENSG00000097007,MONDO_0003185,somatic_mutation,0.4562,1
ENSG00000100393,MONDO_0003185,somatic_mutation,0.4562,1
ENSG00000101972,MONDO_0003185,somatic_mutation,0.4562,1
ENSG00000115904,MONDO_0003185,somatic_mutation,0.4562,1
ENSG00000118513,MONDO_0003185,literature,0.2181,8
ENSG00000118513,MONDO_0003185,somatic_mutation,0.6083,1
ENSG00000121879,MONDO_0003185,literature,0.0122,1
ENSG00000121879,MONDO_0003185,somatic_mutation,0.4562,1
ENSG00000136352,MONDO_0003185,somatic_mutation,0.4562,1
ENSG00000137193,MONDO_0003185,somatic_mutation,0.3041,1
ENSG00000137812,MONDO_0003185,somatic_mutation,0.3041,1
ENSG00000139083,MONDO_0003185,somatic_mutation,0.3041,1
ENSG00000139718,MONDO_0003185,somatic_mutation,0.3041,1
ENSG00000141510,MONDO_0003185,literature,0.0652,3
ENSG00000141510,MONDO_0003185,somatic_mutation,0.3041,1
ENSG00000141736,MONDO_0003185,literature,0.0122,1
ENSG00000141736,MONDO_0003185,somatic_mutation,0.4562,1
ENSG00000145715,MONDO_0003185,somatic_mutation,0.4562,1
ENSG00000147050,MONDO_0003185,somatic_mutation,0.4562,1
ENSG00000147862,MONDO_0003185,literature,0.0951,4
ENSG00000147862,MONDO_0003185,somatic_mutation,0.4562,1
ENSG00000148400,MONDO_0003185,literature,0.0608,1
ENSG00000148400,MONDO_0003185,somatic_mutation,0.4562,1
ENSG00000152217,MONDO_0003185,somatic_mutation,0.3041,1
ENSG00000157168,MONDO_0003185,somatic_mutation,0.3041,1
ENSG00000157764,MONDO_0003185,literature,0.1049,2
ENSG00000157764,MONDO_0003185,somatic_mutation,0.4562,1
ENSG00000168702,MONDO_0003185,somatic_mutation,0.3041,1
ENSG00000171456,MONDO_0003185,somatic_mutation,0.3041,1
ENSG00000171735,MONDO_0003185,somatic_mutation,0.3041,1
ENSG00000171862,MONDO_0003185,somatic_mutation,0.4562,1
ENSG00000178568,MONDO_0003185,somatic_mutation,0.3041,1
ENSG00000183337,MONDO_0003185,literature,0.0304,1
ENSG00000183337,MONDO_0003185,somatic_mutation,0.3041,1
ENSG00000183454,MONDO_0003185,somatic_mutation,0.4562,1
ENSG00000012048,MONDO_0003624,literature,0.0675,4
ENSG00000012048,MONDO_0003624,somatic_mutation,0.4562,1
ENSG00000039068,MONDO_0003624,somatic_mutation,0.4562,1
ENSG00000055609,MONDO_0003624,somatic_mutation,0.3041,1
ENSG00000065361,MONDO_0003624,somatic_mutation,0.3041,1
ENSG00000065526,MONDO_0003624,somatic_mutation,0.4562,1
ENSG00000066468,MONDO_0003624,somatic_mutation,0.4562,1
ENSG00000067955,MONDO_0003624,somatic_mutation,0.3041,1
ENSG00000071564,MONDO_0003624,somatic_mutation,0.3041,1
ENSG00000085224,MONDO_0003624,somatic_mutation,0.3041,1
ENSG00000091831,MONDO_0003624,somatic_mutation,0.3041,1
ENSG00000105639,MONDO_0003624,somatic_mutation,0.3041,1
ENSG00000107807,MONDO_0003624,somatic_mutation,0.3041,1
ENSG00000113522,MONDO_0003624,somatic_mutation,0.3041,1
ENSG00000117713,MONDO_0003624,somatic_mutation,0.3041,1
ENSG00000121879,MONDO_0003624,literature,0.0122,1
ENSG00000121879,MONDO_0003624,somatic_mutation,0.4562,1
ENSG00000139618,MONDO_0003624,somatic_mutation,0.3041,1
ENSG00000141510,MONDO_0003624,literature,0.0546,3
ENSG00000141510,MONDO_0003624,somatic_mutation,0.6083,1
ENSG00000146232,MONDO_0003624,somatic_mutation,0.3041,1
ENSG00000147724,MONDO_0003624,somatic_mutation,0.1521,1
ENSG00000165699,MONDO_0003624,somatic_mutation,0.3041,1
ENSG00000165731,MONDO_0003624,somatic_mutation,0.4562,1
ENSG00000167548,MONDO_0003624,somatic_mutation,0.4562,1
ENSG00000168036,MONDO_0003624,somatic_mutation,0.4562,1
ENSG00000173757,MONDO_0003624,somatic_mutation,0.3041,1
ENSG00000178568,MONDO_0003624,somatic_mutation,0.4562,1
ENSG00000181555,MONDO_0003624,somatic_mutation,0.3041,1
ENSG00000182866,MONDO_0003624,somatic_mutation,0.3041,1
ENSG00000183454,MONDO_0003624,somatic_mutation,0.3041,1
ENSG00000184634,MONDO_0003624,somatic_mutation,0.4562,1
ENSG00000198793,MONDO_0003624,somatic_mutation,0.4562,1
ENSG00000149311,MONDO_0003982,genetic_association,0.1825,1
ENSG00000073282,MONDO_0003990,somatic_mutation,0.3041,1
ENSG00000141510,MONDO_0003990,somatic_mutation,0.3041,1
ENSG00000145675,MONDO_0003990,somatic_mutation,0.3041,1
ENSG00000076242,MONDO_0004379,somatic_mutation,0.4562,1
ENSG00000091831,MONDO_0004379,literature,0.0213,2
ENSG00000091831,MONDO_0004379,somatic_mutation,0.4562,1
ENSG00000100644,MONDO_0004379,somatic_mutation,0.4562,1
ENSG00000107485,MONDO_0004379,somatic_mutation,0.6083,1
ENSG00000108384,MONDO_0004379,somatic_mutation,0.4562,1
ENSG00000117713,MONDO_0004379,somatic_mutation,0.6083,1
ENSG00000118503,MONDO_0004379,somatic_mutation,0.4562,1
ENSG00000121879,MONDO_0004379,somatic_mutation,0.6083,1
ENSG00000127946,MONDO_0004379,somatic_mutation,0.4562,1
ENSG00000135100,MONDO_0004379,somatic_mutation,0.4562,1
ENSG00000135111,MONDO_0004379,somatic_mutation,0.4562,1
ENSG00000136238,MONDO_0004379,somatic_mutation,0.4562,1
ENSG00000138376,MONDO_0004379,somatic_mutation,0.4562,1
ENSG00000141510,MONDO_0004379,somatic_mutation,0.6083,1
ENSG00000141736,MONDO_0004379,literature,0.0833,5
ENSG00000141736,MONDO_0004379,somatic_mutation,0.4562,1
ENSG00000142208,MONDO_0004379,somatic_mutation,0.6083,1
ENSG00000156052,MONDO_0004379,somatic_mutation,0.4562,1
ENSG00000163399,MONDO_0004379,somatic_mutation,0.4562,1
ENSG00000163629,MONDO_0004379,somatic_mutation,0.4562,1
ENSG00000165699,MONDO_0004379,somatic_mutation,0.4562,1
ENSG00000169083,MONDO_0004379,literature,0.0182,1
ENSG00000169083,MONDO_0004379,somatic_mutation,0.4562,1
ENSG00000171456,MONDO_0004379,somatic_mutation,0.4562,1
ENSG00000179295,MONDO_0004379,somatic_mutation,0.4562,1
ENSG00000179583,MONDO_0004379,somatic_mutation,0.4562,1
ENSG00000183337,MONDO_0004379,somatic_mutation,0.4562,1
ENSG00000184507,MONDO_0004379,somatic_mutation,0.4562,1
ENSG00000197122,MONDO_0004379,somatic_mutation,0.4562,1
ENSG00000198400,MONDO_0004379,somatic_mutation,0.4562,1
ENSG00000215301,MONDO_0004379,somatic_mutation,0.4562,1
ENSG00000244405,MONDO_0004379,somatic_mutation,0.4562,1
ENSG00000083093,MONDO_0004658,genetic_association,0.4072,5
ENSG00000083093,MONDO_0004658,literature,0.0304,1
ENSG00000101162,MONDO_0004658,known_drug,0.1521,2
ENSG00000104833,MONDO_0004658,known_drug,0.1521,2
ENSG00000123416,MONDO_0004658,known_drug,0.1521,2
ENSG00000127824,MONDO_0004658,known_drug,0.1521,2
ENSG00000137267,MONDO_0004658,known_drug,0.1521,2
ENSG00000137285,MONDO_0004658,known_drug,0.1521,2
ENSG00000139618,MONDO_0004658,genetic_association,0.4923,3
ENSG00000139618,MONDO_0004658,literature,0.0335,2
ENSG00000141736,MONDO_0004658,known_drug,0.1217,1
ENSG00000141736,MONDO_0004658,literature,0.129,12
ENSG00000152086,MONDO_0004658,known_drug,0.1521,2
ENSG00000167552,MONDO_0004658,known_drug,0.1521,2
ENSG00000167553,MONDO_0004658,known_drug,0.1521,2
ENSG00000176014,MONDO_0004658,known_drug,0.1521,2
ENSG00000183765,MONDO_0004658,genetic_association,0.3351,1
ENSG00000183765,MONDO_0004658,literature,0.0304,1
ENSG00000188229,MONDO_0004658,known_drug,0.1521,2
ENSG00000196230,MONDO_0004658,known_drug,0.1521,2
ENSG00000198033,MONDO_0004658,known_drug,0.1521,2
ENSG00000258947,MONDO_0004658,known_drug,0.1521,2
ENSG00000261456,MONDO_0004658,known_drug,0.1521,2
ENSG00000037280,MONDO_0004950,known_drug,0.0912,1
ENSG00000037280,MONDO_0004950,literature,0.2624,13
ENSG00000037280,MONDO_0004950,somatic_mutation,0.6083,1
ENSG00000039068,MONDO_0004950,literature,0.7645,256
ENSG00000039068,MONDO_0004950,somatic_mutation,0.6083,1
ENSG00000048462,MONDO_0004950,genetic_association,0.5736,1
ENSG00000048462,MONDO_0004950,rna_expression,0.1326,3
ENSG00000048462,MONDO_0004950,somatic_mutation,0.4562,1
ENSG00000065361,MONDO_0004950,known_drug,0.0608,1
ENSG00000065361,MONDO_0004950,literature,0.0744,9
ENSG00000065361,MONDO_0004950,somatic_mutation,0.6083,1
ENSG00000066468,MONDO_0004950,affected_pathway,0.5883,2
ENSG00000066468,MONDO_0004950,known_drug,0.0912,1
ENSG00000066468,MONDO_0004950,literature,0.4042,30
ENSG00000066468,MONDO_0004950,somatic_mutation,0.4562,1
ENSG00000067560,MONDO_0004950,literature,0.3091,19
ENSG00000067560,MONDO_0004950,somatic_mutation,0.6083,1
ENSG00000077782,MONDO_0004950,known_drug,0.0912,1
ENSG00000077782,MONDO_0004950,literature,0.0411,2
ENSG00000077782,MONDO_0004950,rna_expression,0.0145,1
ENSG00000077782,MONDO_0004950,somatic_mutation,0.6083,1
ENSG00000091831,MONDO_0004950,literature,0.4834,40
ENSG00000091831,MONDO_0004950,somatic_mutation,0.6083,1
ENSG00000105173,MONDO_0004950,affected_pathway,0.2524,1
ENSG00000105173,MONDO_0004950,literature,0.2601,32
ENSG00000105173,MONDO_0004950,somatic_mutation,0.6083,1
ENSG00000113638,MONDO_0004950,genetic_association,0.6827,10
ENSG00000113638,MONDO_0004950,rna_expression,0.0201,2
ENSG00000113721,MONDO_0004950,known_drug,0.0912,1
ENSG00000113721,MONDO_0004950,literature,0.3457,10
ENSG00000113721,MONDO_0004950,rna_expression,0.0345,2
ENSG00000113721,MONDO_0004950,somatic_mutation,0.6083,1
ENSG00000117713,MONDO_0004950,literature,0.4451,37
ENSG00000117713,MONDO_0004950,somatic_mutation,0.6083,1
ENSG00000127616,MONDO_0004950,literature,0.2843,13
ENSG00000127616,MONDO_0004950,somatic_mutation,0.6083,1
ENSG00000134371,MONDO_0004950,literature,0.3641,5
ENSG00000134371,MONDO_0004950,somatic_mutation,0.6083,1
ENSG00000136352,MONDO_0004950,literature,0.3163,1
ENSG00000136352,MONDO_0004950,somatic_mutation,0.6083,1
ENSG00000141510,MONDO_0004950,literature,0.5076,435
ENSG00000141510,MONDO_0004950,somatic_mutation,0.6083,1
ENSG00000141736,MONDO_0004950,affected_pathway,0.8378,11
ENSG00000141736,MONDO_0004950,known_drug,0.1474,4
ENSG00000141736,MONDO_0004950,literature,0.8798,345
ENSG00000141736,MONDO_0004950,somatic_mutation,0.6083,1
ENSG00000149311,MONDO_0004950,affected_pathway,0.828,3
ENSG00000149311,MONDO_0004950,literature,0.4745,11
ENSG00000149311,MONDO_0004950,somatic_mutation,0.6083,1
ENSG00000162733,MONDO_0004950,known_drug,0.0912,1
ENSG00000162733,MONDO_0004950,literature,0.0122,1
ENSG00000162733,MONDO_0004950,somatic_mutation,0.6083,1
ENSG00000163399,MONDO_0004950,affected_pathway,0.2524,1
ENSG00000163399,MONDO_0004950,somatic_mutation,0.6083,1
ENSG00000165392,MONDO_0004950,affected_pathway,0.4489,1
ENSG00000165392,MONDO_0004950,literature,0.0487,1
ENSG00000165392,MONDO_0004950,somatic_mutation,0.6083,1
ENSG00000167653,MONDO_0004950,genetic_association,0.732,12
ENSG00000167653,MONDO_0004950,literature,0.0228,2
ENSG00000167653,MONDO_0004950,rna_expression,0.3192,1
ENSG00000171522,MONDO_0004950,genetic_association,0.6859,14
ENSG00000171522,MONDO_0004950,literature,0.0862,5
ENSG00000173171,MONDO_0004950,genetic_association,0.72,9
ENSG00000175387,MONDO_0004950,literature,0.2948,17
ENSG00000175387,MONDO_0004950,somatic_mutation,0.6083,1
ENSG00000178568,MONDO_0004950,literature,0.0807,6
ENSG00000178568,MONDO_0004950,rna_expression,0.2857,2
ENSG00000178568,MONDO_0004950,somatic_mutation,0.6083,1
ENSG00000188229,MONDO_0004950,affected_pathway,0.2524,1
ENSG00000188229,MONDO_0004950,known_drug,0.5863,12
ENSG00000197122,MONDO_0004950,known_drug,0.1217,1
ENSG00000197122,MONDO_0004950,literature,0.315,27
ENSG00000197122,MONDO_0004950,somatic_mutation,0.6083,1
ENSG00000198400,MONDO_0004950,known_drug,0.0912,1
ENSG00000198400,MONDO_0004950,literature,0.1027,19
ENSG00000198400,MONDO_0004950,somatic_mutation,0.6083,1
ENSG00000204531,MONDO_0004950,affected_pathway,0.2932,1
ENSG00000204531,MONDO_0004950,literature,0.2298,7
ENSG00000204531,MONDO_0004950,somatic_mutation,0.6083,1
ENSG00000012048,MONDO_0004953,genetic_association,0.6965,2
ENSG00000012048,MONDO_0004953,literature,0.2405,111
ENSG00000048392,MONDO_0004953,known_drug,0.4258,1
ENSG00000077514,MONDO_0004953,known_drug,0.4258,1
ENSG00000088832,MONDO_0004953,known_drug,0.4258,1
ENSG00000088832,MONDO_0004953,literature,0.0912,1
ENSG00000091831,MONDO_0004953,known_drug,0.4562,2
ENSG00000091831,MONDO_0004953,literature,0.5123,993
ENSG00000091831,MONDO_0004953,rna_expression,0.0575,1
ENSG00000100479,MONDO_0004953,known_drug,0.4258,1
ENSG00000100479,MONDO_0004953,rna_expression,0.0293,1
ENSG00000101162,MONDO_0004953,known_drug,0.4258,1
ENSG00000106628,MONDO_0004953,known_drug,0.4258,1
ENSG00000118523,MONDO_0004953,known_drug,0.4258,1
ENSG00000118523,MONDO_0004953,literature,0.2068,2
ENSG00000123416,MONDO_0004953,known_drug,0.4258,1
ENSG00000123416,MONDO_0004953,literature,0.0613,3
ENSG00000125538,MONDO_0004953,known_drug,0.4258,1
ENSG00000125538,MONDO_0004953,literature,0.1129,7
ENSG00000125538,MONDO_0004953,rna_expression,0.0127,1
ENSG00000136531,MONDO_0004953,known_drug,0.4258,1
ENSG00000136546,MONDO_0004953,known_drug,0.4258,1
ENSG00000136546,MONDO_0004953,rna_expression,0.0296,1
ENSG00000137267,MONDO_0004953,known_drug,0.4258,1
ENSG00000137267,MONDO_0004953,rna_expression,0.0306,1
ENSG00000139618,MONDO_0004953,genetic_association,0.7515,8
ENSG00000139618,MONDO_0004953,literature,0.0949,43
ENSG00000144285,MONDO_0004953,known_drug,0.4258,1
ENSG00000146143,MONDO_0004953,known_drug,0.4258,1
ENSG00000148229,MONDO_0004953,known_drug,0.4258,1
ENSG00000153253,MONDO_0004953,known_drug,0.4258,1
ENSG00000153253,MONDO_0004953,rna_expression,0.0202,1
ENSG00000167325,MONDO_0004953,known_drug,0.4258,1
ENSG00000167325,MONDO_0004953,rna_expression,0.0191,1
ENSG00000167553,MONDO_0004953,known_drug,0.4258,1
ENSG00000171848,MONDO_0004953,known_drug,0.4258,1
ENSG00000171848,MONDO_0004953,literature,0.0911,3
ENSG00000171848,MONDO_0004953,rna_expression,0.1353,2
ENSG00000176014,MONDO_0004953,known_drug,0.4258,1
ENSG00000176890,MONDO_0004953,known_drug,0.441,2
ENSG00000176890,MONDO_0004953,literature,0.067,4
ENSG00000176890,MONDO_0004953,rna_expression,0.0379,1
ENSG00000177084,MONDO_0004953,known_drug,0.4258,1
ENSG00000183873,MONDO_0004953,known_drug,0.4258,1
ENSG00000188389,MONDO_0004953,known_drug,0.4258,1
ENSG00000188389,MONDO_0004953,literature,0.0455,3
ENSG00000196230,MONDO_0004953,known_drug,0.4258,1
ENSG00000198033,MONDO_0004953,known_drug,0.4258,1
ENSG00000198900,MONDO_0004953,known_drug,0.4258,1
ENSG00000004779,MONDO_0004975,affected_pathway,0.8141,3
ENSG00000004779,MONDO_0004975,genetic_association,0.3888,1
ENSG00000004779,MONDO_0004975,known_drug,0.0304,1
ENSG00000004779,MONDO_0004975,literature,0.3156,29
ENSG00000004779,MONDO_0004975,rna_expression,0.0702,3
ENSG00000030582,MONDO_0004975,genetic_association,0.7136,7
ENSG00000030582,MONDO_0004975,literature,0.9503,580
ENSG00000064687,MONDO_0004975,genetic_association,0.6492,53
ENSG00000064687,MONDO_0004975,genetic_literature,0.6083,1
ENSG00000064687,MONDO_0004975,literature,0.971,719
ENSG00000080815,MONDO_0004975,genetic_association,0.8236,10
ENSG00000080815,MONDO_0004975,known_drug,0.6202,10
ENSG00000080815,MONDO_0004975,literature,0.9811,6929
ENSG00000080815,MONDO_0004975,rna_expression,0.0499,2
ENSG00000082701,MONDO_0004975,affected_pathway,0.8439,4
ENSG00000082701,MONDO_0004975,known_drug,0.1785,6
ENSG00000082701,MONDO_0004975,literature,0.9629,2672
ENSG00000082701,MONDO_0004975,rna_expression,0.0169,1
ENSG00000087085,MONDO_0004975,known_drug,0.9886,237
ENSG00000087085,MONDO_0004975,literature,0.9326,7608
ENSG00000095970,MONDO_0004975,genetic_association,0.8587,14
ENSG00000095970,MONDO_0004975,literature,0.9881,3337
ENSG00000101224,MONDO_0004975,affected_pathway,0.7866,5
ENSG00000101224,MONDO_0004975,literature,0.1045,5
ENSG00000103546,MONDO_0004975,known_drug,0.9047,11
ENSG00000103546,MONDO_0004975,literature,0.2549,38
ENSG00000105464,MONDO_0004975,known_drug,0.9874,61
ENSG00000105464,MONDO_0004975,literature,0.5304,18
ENSG00000113161,MONDO_0004975,affected_pathway,0.806,3
ENSG00000113161,MONDO_0004975,known_drug,0.5588,11
ENSG00000113161,MONDO_0004975,literature,0.7808,147
ENSG00000113161,MONDO_0004975,rna_expression,0.0094,1
ENSG00000114200,MONDO_0004975,known_drug,0.9854,54
ENSG00000114200,MONDO_0004975,literature,0.9406,4907
ENSG00000116032,MONDO_0004975,genetic_association,0.5032,3
ENSG00000116032,MONDO_0004975,known_drug,0.9874,61
ENSG00000116032,MONDO_0004975,literature,0.2938,6
ENSG00000118689,MONDO_0004975,affected_pathway,0.9072,6
ENSG00000118689,MONDO_0004975,literature,0.7704,133
ENSG00000130203,MONDO_0004975,affected_pathway,0.2672,1
ENSG00000130203,MONDO_0004975,genetic_association,0.8551,94
ENSG00000130203,MONDO_0004975,literature,0.9886,21213
ENSG00000130203,MONDO_0004975,rna_expression,0.0173,1
ENSG00000137642,MONDO_0004975,genetic_association,0.7316,36
ENSG00000137642,MONDO_0004975,genetic_literature,0.3041,2
ENSG00000137642,MONDO_0004975,literature,0.9787,923
ENSG00000137642,MONDO_0004975,rna_expression,0.0477,2
ENSG00000138613,MONDO_0004975,genetic_association,0.8066,5
ENSG00000138613,MONDO_0004975,known_drug,0.6202,10
ENSG00000138613,MONDO_0004975,literature,0.4686,55
ENSG00000142192,MONDO_0004975,affected_pathway,0.6083,1
ENSG00000142192,MONDO_0004975,genetic_association,0.8639,406
ENSG00000142192,MONDO_0004975,known_drug,0.9761,143
ENSG00000142192,MONDO_0004975,literature,0.9886,27380
ENSG00000142319,MONDO_0004975,affected_pathway,0.4749,1
ENSG00000142319,MONDO_0004975,known_drug,0.8816,10
ENSG00000142319,MONDO_0004975,literature,0.8901,260
ENSG00000146904,MONDO_0004975,affected_pathway,0.5535,1
ENSG00000146904,MONDO_0004975,genetic_association,0.8245,16
ENSG00000146904,MONDO_0004975,literature,0.4317,185
ENSG00000147883,MONDO_0004975,affected_pathway,0.8148,3
ENSG00000147883,MONDO_0004975,genetic_association,0.3617,1
ENSG00000147883,MONDO_0004975,literature,0.1135,22
ENSG00000161509,MONDO_0004975,known_drug,0.9874,61
ENSG00000161509,MONDO_0004975,literature,0.2587,17
ENSG00000161509,MONDO_0004975,rna_expression,0.0343,1
ENSG00000164885,MONDO_0004975,affected_pathway,0.878,13
ENSG00000164885,MONDO_0004975,literature,0.946,1002
ENSG00000164885,MONDO_0004975,rna_expression,0.0898,3
ENSG00000176749,MONDO_0004975,affected_pathway,0.9556,13
ENSG00000176749,MONDO_0004975,animal_model,0.487,1
ENSG00000176749,MONDO_0004975,literature,0.8186,70
ENSG00000176884,MONDO_0004975,affected_pathway,0.5819,1
ENSG00000176884,MONDO_0004975,known_drug,0.9874,61
ENSG00000176884,MONDO_0004975,literature,0.8748,108
ENSG00000183454,MONDO_0004975,known_drug,0.9876,67
ENSG00000183454,MONDO_0004975,literature,0.5297,162
ENSG00000183454,MONDO_0004975,rna_expression,0.0194,2
ENSG00000198785,MONDO_0004975,known_drug,0.9874,61
ENSG00000198785,MONDO_0004975,literature,0.3546,28
ENSG00000203710,MONDO_0004975,genetic_association,0.9112,27
ENSG00000203710,MONDO_0004975,literature,0.9349,639
ENSG00000273079,MONDO_0004975,known_drug,0.9874,61
ENSG00000273079,MONDO_0004975,literature,0.8913,297
ENSG00000273079,MONDO_0004975,rna_expression,0.0328,1
ENSG00000274286,MONDO_0004975,affected_pathway,0.5288,1
ENSG00000274286,MONDO_0004975,known_drug,0.7941,7
ENSG00000274286,MONDO_0004975,literature,0.0684,2
ENSG00000043591,MONDO_0004979,known_drug,0.9801,36
ENSG00000043591,MONDO_0004979,literature,0.0954,14
ENSG00000065989,MONDO_0004979,known_drug,0.9886,85
ENSG00000065989,MONDO_0004979,literature,0.6935,271
ENSG00000077238,MONDO_0004979,animal_model,0.403,2
ENSG00000077238,MONDO_0004979,genetic_association,0.9229,78
ENSG00000077238,MONDO_0004979,known_drug,0.9697,43
ENSG00000077238,MONDO_0004979,literature,0.6556,488
ENSG00000091181,MONDO_0004979,known_drug,0.9722,48
ENSG00000091181,MONDO_0004979,literature,0.4916,263
ENSG00000091181,MONDO_0004979,rna_expression,0.2063,2
ENSG00000105650,MONDO_0004979,known_drug,0.9886,85
ENSG00000105650,MONDO_0004979,literature,0.0122,1
ENSG00000113448,MONDO_0004979,genetic_association,0.5184,1
ENSG00000113448,MONDO_0004979,known_drug,0.9886,85
ENSG00000113448,MONDO_0004979,literature,0.2772,48
ENSG00000113525,MONDO_0004979,genetic_association,0.6672,70
ENSG00000113525,MONDO_0004979,known_drug,0.9809,76
ENSG00000113525,MONDO_0004979,literature,0.7802,3695
ENSG00000113580,MONDO_0004979,known_drug,0.9886,931
ENSG00000113580,MONDO_0004979,literature,0.8623,377
ENSG00000120907,MONDO_0004979,known_drug,0.9797,32
ENSG00000120907,MONDO_0004979,literature,0.0547,1
ENSG00000128271,MONDO_0004979,known_drug,0.9886,60
ENSG00000128271,MONDO_0004979,literature,0.264,24
ENSG00000128271,MONDO_0004979,rna_expression,0.0365,2
ENSG00000133019,MONDO_0004979,known_drug,0.9884,133
ENSG00000133019,MONDO_0004979,literature,0.181,23
ENSG00000137033,MONDO_0004979,genetic_association,0.9197,148
ENSG00000137033,MONDO_0004979,known_drug,0.1698,6
ENSG00000137033,MONDO_0004979,literature,0.9409,1439
ENSG00000143631,MONDO_0004979,genetic_association,0.9699,86
ENSG00000143631,MONDO_0004979,literature,0.3469,201
ENSG00000145777,MONDO_0004979,genetic_association,0.8754,123
ENSG00000145777,MONDO_0004979,known_drug,0.9403,34
ENSG00000145777,MONDO_0004979,literature,0.9695,1315
ENSG00000150594,MONDO_0004979,known_drug,0.9797,32
ENSG00000150594,MONDO_0004979,literature,0.6522,3
ENSG00000152270,MONDO_0004979,known_drug,0.9886,61
ENSG00000152270,MONDO_0004979,literature,0.1127,18
ENSG00000152270,MONDO_0004979,rna_expression,0.0104,1
ENSG00000163485,MONDO_0004979,genetic_association,0.7823,24
ENSG00000163485,MONDO_0004979,known_drug,0.9886,62
ENSG00000163485,MONDO_0004979,literature,0.1662,18
ENSG00000169194,MONDO_0004979,animal_model,0.2964,1
ENSG00000169194,MONDO_0004979,genetic_association,0.9511,64
ENSG00000169194,MONDO_0004979,known_drug,0.6639,30
ENSG00000169194,MONDO_0004979,literature,0.9744,4026
ENSG00000169194,MONDO_0004979,rna_expression,0.0851,1
ENSG00000169252,MONDO_0004979,known_drug,0.9886,770
ENSG00000169252,MONDO_0004979,literature,0.8781,581
ENSG00000169252,MONDO_0004979,rna_expression,0.017,1
ENSG00000170214,MONDO_0004979,known_drug,0.9797,32
ENSG00000170214,MONDO_0004979,literature,0.1428,4
ENSG00000170425,MONDO_0004979,known_drug,0.9886,62
ENSG00000170425,MONDO_0004979,literature,0.0876,20
ENSG00000170425,MONDO_0004979,rna_expression,0.0201,1
ENSG00000172572,MONDO_0004979,known_drug,0.9886,61
ENSG00000172572,MONDO_0004979,literature,0.0584,5
ENSG00000173198,MONDO_0004979,known_drug,0.9886,194
ENSG00000173198,MONDO_0004979,literature,0.5856,210
ENSG00000174125,MONDO_0004979,genetic_association,0.9468,46
ENSG00000174125,MONDO_0004979,literature,0.6757,47
ENSG00000181072,MONDO_0004979,genetic_association,0.4985,1
ENSG00000181072,MONDO_0004979,known_drug,0.923,17
ENSG00000181072,MONDO_0004979,literature,0.1492,24
ENSG00000184588,MONDO_0004979,known_drug,0.9886,85
ENSG00000184588,MONDO_0004979,literature,0.1964,24
ENSG00000184588,MONDO_0004979,rna_expression,0.0105,1
ENSG00000188778,MONDO_0004979,known_drug,0.9797,32
ENSG00000188778,MONDO_0004979,literature,0.0228,2
ENSG00000211891,MONDO_0004979,known_drug,0.9826,58
ENSG00000211891,MONDO_0004979,literature,0.9865,9213
ENSG00000274286,MONDO_0004979,known_drug,0.9797,32
ENSG00000274286,MONDO_0004979,literature,0.0122,1
ENSG00000282608,MONDO_0004979,known_drug,0.9886,60
ENSG00000282608,MONDO_0004979,literature,0.1345,26
ENSG00000282608,MONDO_0004979,rna_expression,0.0105,1
ENSG00000012048,MONDO_0004988,affected_pathway,0.866,4
ENSG00000012048,MONDO_0004988,literature,0.0881,15
ENSG00000012048,MONDO_0004988,somatic_mutation,0.4686,4
ENSG00000039068,MONDO_0004988,affected_pathway,0.6083,1
ENSG00000039068,MONDO_0004988,literature,0.1291,27
ENSG00000039068,MONDO_0004988,somatic_mutation,0.9327,10
ENSG00000055609,MONDO_0004988,somatic_mutation,0.9082,11
ENSG00000064012,MONDO_0004988,literature,0.0842,4
ENSG00000064012,MONDO_0004988,somatic_mutation,0.5915,2
ENSG00000065361,MONDO_0004988,literature,0.0604,4
ENSG00000065361,MONDO_0004988,somatic_mutation,0.7164,3
ENSG00000065526,MONDO_0004988,somatic_mutation,0.5646,5
ENSG00000065559,MONDO_0004988,somatic_mutation,0.8576,6
ENSG00000067955,MONDO_0004988,somatic_mutation,0.834,5
ENSG00000091831,MONDO_0004988,affected_pathway,0.9614,15
ENSG00000091831,MONDO_0004988,known_drug,0.5796,3
ENSG00000091831,MONDO_0004988,literature,0.5036,183
ENSG00000091831,MONDO_0004988,somatic_mutation,0.7286,2
ENSG00000095015,MONDO_0004988,literature,0.0182,1
ENSG00000095015,MONDO_0004988,somatic_mutation,0.9012,8
ENSG00000102974,MONDO_0004988,literature,0.0304,1
ENSG00000102974,MONDO_0004988,somatic_mutation,0.5899,3
ENSG00000107485,MONDO_0004988,affected_pathway,0.6083,1
ENSG00000107485,MONDO_0004988,literature,0.1037,9
ENSG00000107485,MONDO_0004988,somatic_mutation,0.8548,6
ENSG00000111276,MONDO_0004988,literature,0.1186,2
ENSG00000111276,MONDO_0004988,somatic_mutation,0.6486,4
ENSG00000115524,MONDO_0004988,literature,0.0304,1
ENSG00000115524,MONDO_0004988,somatic_mutation,0.8792,5
ENSG00000117713,MONDO_0004988,affected_pathway,0.7604,2
ENSG00000117713,MONDO_0004988,somatic_mutation,0.8357,8
ENSG00000121879,MONDO_0004988,affected_pathway,0.9196,7
ENSG00000121879,MONDO_0004988,literature,0.0824,14
ENSG00000121879,MONDO_0004988,somatic_mutation,0.9169,16
ENSG00000129204,MONDO_0004988,somatic_mutation,0.6083,1
ENSG00000129514,MONDO_0004988,literature,0.0425,4
ENSG00000129514,MONDO_0004988,somatic_mutation,0.8387,4
ENSG00000131747,MONDO_0004988,affected_pathway,0.6083,1
ENSG00000131747,MONDO_0004988,known_drug,0.5458,3
ENSG00000131747,MONDO_0004988,literature,0.0304,1
ENSG00000133703,MONDO_0004988,literature,0.0738,11
ENSG00000133703,MONDO_0004988,somatic_mutation,0.6785,3
ENSG00000135111,MONDO_0004988,somatic_mutation,0.8096,5
ENSG00000139687,MONDO_0004988,literature,0.2266,12
ENSG00000139687,MONDO_0004988,somatic_mutation,0.8704,5
ENSG00000141027,MONDO_0004988,somatic_mutation,0.8501,6
ENSG00000141510,MONDO_0004988,affected_pathway,0.6083,1
ENSG00000141510,MONDO_0004988,literature,0.3617,133
ENSG00000141510,MONDO_0004988,somatic_mutation,0.9025,16
ENSG00000141736,MONDO_0004988,affected_pathway,0.9863,42
ENSG00000141736,MONDO_0004988,known_drug,0.3631,6
ENSG00000141736,MONDO_0004988,literature,0.8905,211
ENSG00000141736,MONDO_0004988,somatic_mutation,0.8032,4
ENSG00000142208,MONDO_0004988,known_drug,0.1217,1
ENSG00000142208,MONDO_0004988,literature,0.1298,38
ENSG00000142208,MONDO_0004988,somatic_mutation,0.8434,8
ENSG00000145675,MONDO_0004988,literature,0.0304,1
ENSG00000145675,MONDO_0004988,somatic_mutation,0.5821,5
ENSG00000159216,MONDO_0004988,literature,0.0122,1
ENSG00000159216,MONDO_0004988,somatic_mutation,0.6649,2
ENSG00000171862,MONDO_0004988,affected_pathway,0.9196,7
ENSG00000171862,MONDO_0004988,literature,0.1189,11
ENSG00000171862,MONDO_0004988,somatic_mutation,0.9052,10
ENSG00000196712,MONDO_0004988,literature,0.2043,6
ENSG00000196712,MONDO_0004988,somatic_mutation,0.8275,5
ENSG00000012048,MONDO_0004989,genetic_association,0.9219,47
ENSG00000012048,MONDO_0004989,literature,0.9886,13280
ENSG00000012048,MONDO_0004989,somatic_mutation,0.4562,1
ENSG00000062822,MONDO_0004989,known_drug,0.8684,5
ENSG00000062822,MONDO_0004989,literature,0.6822,45
ENSG00000062822,MONDO_0004989,somatic_mutation,0.4562,1
ENSG00000066468,MONDO_0004989,affected_pathway,0.7051,3
ENSG00000066468,MONDO_0004989,genetic_association,0.8957,41
ENSG00000066468,MONDO_0004989,known_drug,0.1521,2
ENSG00000066468,MONDO_0004989,literature,0.9582,608
ENSG00000066468,MONDO_0004989,rna_expression,0.0882,5
ENSG00000066468,MONDO_0004989,somatic_mutation,0.4562,1
ENSG00000083093,MONDO_0004989,genetic_association,0.8268,23
ENSG00000083093,MONDO_0004989,genetic_literature,0.6083,1
ENSG00000083093,MONDO_0004989,literature,0.9745,1143
ENSG00000083093,MONDO_0004989,somatic_mutation,0.4562,1
ENSG00000091831,MONDO_0004989,affected_pathway,0.4031,1
ENSG00000091831,MONDO_0004989,genetic_association,0.6855,22
ENSG00000091831,MONDO_0004989,known_drug,0.8977,11
ENSG00000091831,MONDO_0004989,literature,0.9886,38919
ENSG00000091831,MONDO_0004989,rna_expression,0.0866,2
ENSG00000091831,MONDO_0004989,somatic_mutation,0.6083,1
ENSG00000101162,MONDO_0004989,known_drug,0.9816,51
ENSG00000101162,MONDO_0004989,literature,0.0731,5
ENSG00000104833,MONDO_0004989,known_drug,0.9816,51
ENSG00000104833,MONDO_0004989,literature,0.0122,1
ENSG00000105810,MONDO_0004989,known_drug,0.8742,6
ENSG00000105810,MONDO_0004989,literature,0.6955,444
ENSG00000105810,MONDO_0004989,rna_expression,0.0628,1
ENSG00000105810,MONDO_0004989,somatic_mutation,0.4562,1
ENSG00000123416,MONDO_0004989,known_drug,0.9816,51
ENSG00000123416,MONDO_0004989,literature,0.7114,25
ENSG00000127824,MONDO_0004989,known_drug,0.9816,51
ENSG00000127824,MONDO_0004989,literature,0.0499,5
ENSG00000127824,MONDO_0004989,rna_expression,0.0205,1
ENSG00000135446,MONDO_0004989,affected_pathway,0.3984,1
ENSG00000135446,MONDO_0004989,known_drug,0.8742,6
ENSG00000135446,MONDO_0004989,literature,0.9802,3678
ENSG00000135446,MONDO_0004989,somatic_mutation,0.4562,1
ENSG00000137267,MONDO_0004989,known_drug,0.9816,51
ENSG00000137267,MONDO_0004989,literature,0.312,9
ENSG00000137285,MONDO_0004989,known_drug,0.9816,51
ENSG00000137285,MONDO_0004989,literature,0.3433,3
ENSG00000137285,MONDO_0004989,rna_expression,0.4445,6
ENSG00000137869,MONDO_0004989,known_drug,0.9886,67
ENSG00000137869,MONDO_0004989,literature,0.9543,6317
ENSG00000137869,MONDO_0004989,rna_expression,0.2013,1
ENSG00000139618,MONDO_0004989,genetic_association,0.9268,65
ENSG00000139618,MONDO_0004989,literature,0.9856,7295
ENSG00000139618,MONDO_0004989,somatic_mutation,0.5292,2
ENSG00000141510,MONDO_0004989,animal_model,0.2942,1
ENSG00000141510,MONDO_0004989,genetic_association,0.7167,6
ENSG00000141510,MONDO_0004989,genetic_literature,0.7604,2
ENSG00000141510,MONDO_0004989,literature,0.9886,11094
ENSG00000141510,MONDO_0004989,somatic_mutation,0.4501,2
ENSG00000141736,MONDO_0004989,affected_pathway,0.3966,1
ENSG00000141736,MONDO_0004989,known_drug,0.9385,21
ENSG00000141736,MONDO_0004989,literature,0.9886,55228
ENSG00000141736,MONDO_0004989,somatic_mutation,0.6083,1
ENSG00000142208,MONDO_0004989,affected_pathway,0.7583,5
ENSG00000142208,MONDO_0004989,literature,0.9867,10715
ENSG00000142208,MONDO_0004989,somatic_mutation,0.4562,1
ENSG00000149311,MONDO_0004989,genetic_association,0.7832,23
ENSG00000149311,MONDO_0004989,literature,0.9729,1676
ENSG00000149311,MONDO_0004989,somatic_mutation,0.4562,1
ENSG00000152086,MONDO_0004989,known_drug,0.9816,51
ENSG00000152086,MONDO_0004989,literature,0.1217,1
ENSG00000167552,MONDO_0004989,known_drug,0.9816,51
ENSG00000167552,MONDO_0004989,literature,0.2297,6
ENSG00000167553,MONDO_0004989,known_drug,0.9816,51
ENSG00000167553,MONDO_0004989,literature,0.6959,18
ENSG00000167553,MONDO_0004989,rna_expression,0.0851,1
ENSG00000176014,MONDO_0004989,known_drug,0.9816,51
ENSG00000176014,MONDO_0004989,literature,0.0467,5
ENSG00000176014,MONDO_0004989,rna_expression,0.0429,2
ENSG00000176890,MONDO_0004989,known_drug,0.9396,16
ENSG00000176890,MONDO_0004989,literature,0.8002,236
ENSG00000176890,MONDO_0004989,rna_expression,0.16,4
ENSG00000177084,MONDO_0004989,known_drug,0.8684,5
ENSG00000177084,MONDO_0004989,literature,0.2782,31
ENSG00000177084,MONDO_0004989,somatic_mutation,0.4562,1
ENSG00000183765,MONDO_0004989,genetic_association,0.8056,24
ENSG00000183765,MONDO_0004989,genetic_literature,0.7181,3
ENSG00000183765,MONDO_0004989,literature,0.9731,1292
ENSG00000183765,MONDO_0004989,somatic_mutation,0.4562,1
ENSG00000188229,MONDO_0004989,known_drug,0.9816,51
ENSG00000188229,MONDO_0004989,literature,0.0335,2
ENSG00000188229,MONDO_0004989,rna_expression,0.0163,1
ENSG00000196230,MONDO_0004989,known_drug,0.9816,51
ENSG00000196230,MONDO_0004989,literature,0.6859,35
ENSG00000196230,MONDO_0004989,rna_expression,0.0299,1
ENSG00000198033,MONDO_0004989,known_drug,0.9816,51
ENSG00000198033,MONDO_0004989,literature,0.0304,1
ENSG00000258947,MONDO_0004989,known_drug,0.9816,51
ENSG00000258947,MONDO_0004989,literature,0.736,63
ENSG00000088832,MONDO_0004990,known_drug,0.1217,1
ENSG00000091831,MONDO_0004990,known_drug,0.1217,1
ENSG00000091831,MONDO_0004990,literature,0.1153,15
ENSG00000112038,MONDO_0004990,known_drug,0.1217,1
ENSG00000119535,MONDO_0004990,known_drug,0.1217,1
ENSG00000184292,MONDO_0004990,known_drug,0.1217,1
ENSG00000198900,MONDO_0004990,known_drug,0.1217,1
ENSG00000061918,MONDO_0005010,genetic_association,0.2097,24
ENSG00000061918,MONDO_0005010,known_drug,0.9886,118
ENSG00000061918,MONDO_0005010,literature,0.0304,1
ENSG00000073756,MONDO_0005010,known_drug,0.9566,41
ENSG00000073756,MONDO_0005010,literature,0.5539,113
ENSG00000081248,MONDO_0005010,known_drug,0.9886,112
ENSG00000084674,MONDO_0005010,animal_model,0.2517,1
ENSG00000084674,MONDO_0005010,genetic_association,0.9065,27
ENSG00000084674,MONDO_0005010,known_drug,0.5796,3
ENSG00000084674,MONDO_0005010,literature,0.9796,1943
ENSG00000087237,MONDO_0005010,genetic_association,0.7357,11
ENSG00000087237,MONDO_0005010,known_drug,0.5979,7
ENSG00000087237,MONDO_0005010,literature,0.927,428
ENSG00000095303,MONDO_0005010,known_drug,0.9566,41
ENSG00000095303,MONDO_0005010,literature,0.269,33
ENSG00000102001,MONDO_0005010,known_drug,0.9886,112
ENSG00000102001,MONDO_0005010,literature,0.0547,1
ENSG00000110243,MONDO_0005010,animal_model,0.2517,1
ENSG00000110243,MONDO_0005010,genetic_association,0.9369,24
ENSG00000110243,MONDO_0005010,literature,0.8967,185
ENSG00000111252,MONDO_0005010,genetic_association,0.9513,33
ENSG00000111252,MONDO_0005010,literature,0.7122,56
ENSG00000113161,MONDO_0005010,animal_model,0.2541,1
ENSG00000113161,MONDO_0005010,genetic_association,0.6871,4
ENSG00000113161,MONDO_0005010,known_drug,0.9886,194
ENSG00000113161,MONDO_0005010,literature,0.6663,415
ENSG00000115252,MONDO_0005010,genetic_association,0.5066,1
ENSG00000115252,MONDO_0005010,known_drug,0.8937,6
ENSG00000115252,MONDO_0005010,literature,0.2707,2
ENSG00000115414,MONDO_0005010,genetic_association,0.9285,11
ENSG00000115414,MONDO_0005010,literature,0.6722,88
ENSG00000130164,MONDO_0005010,animal_model,0.5801,11
ENSG00000130164,MONDO_0005010,genetic_association,0.9738,98
ENSG00000130164,MONDO_0005010,literature,0.8566,571
ENSG00000130203,MONDO_0005010,animal_model,0.6097,19
ENSG00000130203,MONDO_0005010,genetic_association,0.9526,63
ENSG00000130203,MONDO_0005010,genetic_literature,0.6083,1
ENSG00000130203,MONDO_0005010,literature,0.9757,1243
ENSG00000134243,MONDO_0005010,genetic_association,0.9739,39
ENSG00000134243,MONDO_0005010,literature,0.8919,111
ENSG00000135100,MONDO_0005010,genetic_association,0.9219,24
ENSG00000135100,MONDO_0005010,literature,0.7295,53
ENSG00000138735,MONDO_0005010,genetic_association,0.7151,11
ENSG00000138735,MONDO_0005010,known_drug,0.8938,7
ENSG00000138735,MONDO_0005010,literature,0.6981,76
ENSG00000140564,MONDO_0005010,genetic_association,0.9121,31
ENSG00000140564,MONDO_0005010,literature,0.7388,37
ENSG00000143126,MONDO_0005010,genetic_association,0.9318,45
ENSG00000143126,MONDO_0005010,literature,0.4756,53
ENSG00000151067,MONDO_0005010,animal_model,0.2726,1
ENSG00000151067,MONDO_0005010,known_drug,0.9886,112
ENSG00000151067,MONDO_0005010,literature,0.1831,8
ENSG00000152402,MONDO_0005010,genetic_association,0.4984,3
ENSG00000152402,MONDO_0005010,known_drug,0.9886,118
ENSG00000157388,MONDO_0005010,known_drug,0.9886,112
ENSG00000157388,MONDO_0005010,literature,0.0414,3
ENSG00000159640,MONDO_0005010,animal_model,0.2858,1
ENSG00000159640,MONDO_0005010,known_drug,0.9398,14
ENSG00000159640,MONDO_0005010,literature,0.8783,2066
ENSG00000160712,MONDO_0005010,genetic_association,0.9079,18
ENSG00000160712,MONDO_0005010,known_drug,0.0061,1
ENSG00000160712,MONDO_0005010,literature,0.8678,193
ENSG00000164116,MONDO_0005010,genetic_association,0.7955,38
ENSG00000164116,MONDO_0005010,known_drug,0.9886,118
ENSG00000164116,MONDO_0005010,literature,0.1019,16
ENSG00000169174,MONDO_0005010,genetic_association,0.9072,38
ENSG00000169174,MONDO_0005010,known_drug,0.9332,15
ENSG00000169174,MONDO_0005010,literature,0.9623,939
ENSG00000169313,MONDO_0005010,known_drug,0.9708,92
ENSG00000169313,MONDO_0005010,literature,0.3773,317
ENSG00000172572,MONDO_0005010,genetic_association,0.7655,13
ENSG00000172572,MONDO_0005010,known_drug,0.9065,8
ENSG00000172572,MONDO_0005010,literature,0.0534,9
ENSG00000175445,MONDO_0005010,animal_model,0.5097,5
ENSG00000175445,MONDO_0005010,genetic_association,0.8295,36
ENSG00000175445,MONDO_0005010,literature,0.9602,380
ENSG00000182511,MONDO_0005010,animal_model,0.2604,1
ENSG00000182511,MONDO_0005010,genetic_association,0.9217,37
ENSG00000182511,MONDO_0005010,literature,0.4062,30
ENSG00000085978,MONDO_0005011,genetic_association,0.8163,13
ENSG00000085978,MONDO_0005011,literature,0.4295,369
ENSG00000096968,MONDO_0005011,genetic_association,0.8072,6
ENSG00000096968,MONDO_0005011,known_drug,0.9171,29
ENSG00000096968,MONDO_0005011,literature,0.4033,29
ENSG00000100906,MONDO_0005011,genetic_association,0.7962,8
ENSG00000100906,MONDO_0005011,literature,0.1296,17
ENSG00000100906,MONDO_0005011,rna_expression,0.0097,1
ENSG00000101017,MONDO_0005011,genetic_association,0.8069,3
ENSG00000101017,MONDO_0005011,literature,0.2222,36
ENSG00000101017,MONDO_0005011,rna_expression,0.0902,3
ENSG00000105397,MONDO_0005011,genetic_association,0.8014,6
ENSG00000105397,MONDO_0005011,known_drug,0.9176,32
ENSG00000105397,MONDO_0005011,literature,0.152,31
ENSG00000105639,MONDO_0005011,known_drug,0.9175,31
ENSG00000105639,MONDO_0005011,literature,0.0466,8
ENSG00000105639,MONDO_0005011,rna_expression,0.0345,3
ENSG00000110944,MONDO_0005011,known_drug,0.987,137
ENSG00000110944,MONDO_0005011,literature,0.2454,118
ENSG00000110944,MONDO_0005011,rna_expression,0.0435,1
ENSG00000111252,MONDO_0005011,genetic_association,0.7916,4
ENSG00000111252,MONDO_0005011,literature,0.038,2
ENSG00000112182,MONDO_0005011,genetic_association,0.7827,4
ENSG00000112182,MONDO_0005011,literature,0.1215,15
ENSG00000113302,MONDO_0005011,genetic_association,0.9214,20
ENSG00000113302,MONDO_0005011,known_drug,0.987,137
ENSG00000113302,MONDO_0005011,literature,0.1351,46
ENSG00000113580,MONDO_0005011,known_drug,0.9886,157
ENSG00000113580,MONDO_0005011,literature,0.1655,12
ENSG00000115232,MONDO_0005011,genetic_association,0.811,3
ENSG00000115232,MONDO_0005011,known_drug,0.9844,71
ENSG00000115232,MONDO_0005011,literature,0.0957,12
ENSG00000119919,MONDO_0005011,genetic_association,0.7656,18
ENSG00000119919,MONDO_0005011,literature,0.3302,23
ENSG00000128059,MONDO_0005011,known_drug,0.9498,30
ENSG00000134242,MONDO_0005011,genetic_association,0.8219,8
ENSG00000134242,MONDO_0005011,literature,0.2059,50
ENSG00000136634,MONDO_0005011,genetic_association,0.8392,6
ENSG00000136634,MONDO_0005011,genetic_literature,0.6083,1
ENSG00000136634,MONDO_0005011,literature,0.3881,399
ENSG00000139626,MONDO_0005011,known_drug,0.9847,75
ENSG00000139626,MONDO_0005011,literature,0.0274,2
ENSG00000145996,MONDO_0005011,genetic_association,0.7675,10
ENSG00000145996,MONDO_0005011,literature,0.0909,6
ENSG00000150093,MONDO_0005011,known_drug,0.9203,12
ENSG00000150093,MONDO_0005011,literature,0.038,2
ENSG00000159128,MONDO_0005011,genetic_association,0.7875,5
ENSG00000162434,MONDO_0005011,known_drug,0.9174,30
ENSG00000162434,MONDO_0005011,literature,0.2125,46
ENSG00000162594,MONDO_0005011,genetic_association,0.9113,41
ENSG00000162594,MONDO_0005011,literature,0.2444,212
ENSG00000167207,MONDO_0005011,genetic_association,0.8973,1069
ENSG00000167207,MONDO_0005011,literature,0.8928,1254
ENSG00000167207,MONDO_0005011,rna_expression,0.1376,5
ENSG00000168610,MONDO_0005011,genetic_association,0.6963,9
ENSG00000168610,MONDO_0005011,genetic_literature,0.6083,1
ENSG00000168610,MONDO_0005011,literature,0.4438,97
ENSG00000168811,MONDO_0005011,known_drug,0.9835,76
ENSG00000168811,MONDO_0005011,literature,0.038,2
ENSG00000168811,MONDO_0005011,rna_expression,0.0126,1
ENSG00000176920,MONDO_0005011,genetic_association,0.7668,6
ENSG00000176920,MONDO_0005011,literature,0.1849,53
ENSG00000176920,MONDO_0005011,rna_expression,0.0233,2
ENSG00000178623,MONDO_0005011,genetic_association,0.8636,9
ENSG00000178623,MONDO_0005011,literature,0.0122,1
ENSG00000179630,MONDO_0005011,genetic_association,0.8709,14
ENSG00000179630,MONDO_0005011,literature,0.2476,21
ENSG00000181634,MONDO_0005011,genetic_association,0.8407,29
ENSG00000181634,MONDO_0005011,literature,0.2129,77
ENSG00000181634,MONDO_0005011,rna_expression,0.0164,1
ENSG00000232810,MONDO_0005011,known_drug,0.9886,230
ENSG00000232810,MONDO_0005011,literature,0.6286,4098
ENSG00000232810,MONDO_0005011,rna_expression,0.0135,1
ENSG00000039068,MONDO_0005023,literature,0.6882,116
ENSG00000039068,MONDO_0005023,rna_expression,0.0383,1
ENSG00000039068,MONDO_0005023,somatic_mutation,0.4562,1
ENSG00000055609,MONDO_0005023,literature,0.1771,3
ENSG00000055609,MONDO_0005023,somatic_mutation,0.4562,1
ENSG00000066468,MONDO_0005023,genetic_association,0.55,1
ENSG00000066468,MONDO_0005023,literature,0.268,5
ENSG00000091831,MONDO_0005023,known_drug,0.6067,20
ENSG00000091831,MONDO_0005023,literature,0.969,864
ENSG00000100234,MONDO_0005023,genetic_association,0.3439,1
ENSG00000100234,MONDO_0005023,literature,0.1714,5
ENSG00000100234,MONDO_0005023,rna_expression,0.0261,1
ENSG00000101162,MONDO_0005023,known_drug,0.5986,4
ENSG00000103460,MONDO_0005023,genetic_association,0.5499,1
ENSG00000103460,MONDO_0005023,literature,0.0441,2
ENSG00000103460,MONDO_0005023,rna_expression,0.042,1
ENSG00000104833,MONDO_0005023,known_drug,0.5986,4
ENSG00000112996,MONDO_0005023,genetic_association,0.3897,1
ENSG00000121879,MONDO_0005023,literature,0.7856,69
ENSG00000121879,MONDO_0005023,somatic_mutation,0.6083,1
ENSG00000123416,MONDO_0005023,known_drug,0.5986,4
ENSG00000123416,MONDO_0005023,literature,0.0887,3
ENSG00000127824,MONDO_0005023,known_drug,0.5986,4
ENSG00000131747,MONDO_0005023,known_drug,0.4273,2
ENSG00000131747,MONDO_0005023,literature,0.205,9
ENSG00000131747,MONDO_0005023,rna_expression,0.0439,1
ENSG00000137267,MONDO_0005023,known_drug,0.5986,4
ENSG00000137285,MONDO_0005023,known_drug,0.5986,4
ENSG00000137869,MONDO_0005023,known_drug,0.4925,13
ENSG00000137869,MONDO_0005023,literature,0.6108,65
ENSG00000141510,MONDO_0005023,genetic_association,0.5475,1
ENSG00000141510,MONDO_0005023,literature,0.8593,268
ENSG00000141510,MONDO_0005023,somatic_mutation,0.4562,1
ENSG00000141736,MONDO_0005023,known_drug,0.5486,7
ENSG00000141736,MONDO_0005023,literature,0.9871,1326
ENSG00000141736,MONDO_0005023,rna_expression,0.0332,1
ENSG00000141736,MONDO_0005023,somatic_mutation,0.3041,1
ENSG00000142208,MONDO_0005023,literature,0.6881,46
ENSG00000142208,MONDO_0005023,somatic_mutation,0.4562,1
ENSG00000152086,MONDO_0005023,known_drug,0.5986,4
ENSG00000167552,MONDO_0005023,known_drug,0.5986,4
ENSG00000167553,MONDO_0005023,known_drug,0.5986,4
ENSG00000171862,MONDO_0005023,literature,0.7579,50
ENSG00000171862,MONDO_0005023,somatic_mutation,0.3041,1
ENSG00000176014,MONDO_0005023,known_drug,0.5986,4
ENSG00000183765,MONDO_0005023,genetic_association,0.3197,2
ENSG00000183765,MONDO_0005023,literature,0.8008,13
ENSG00000188229,MONDO_0005023,known_drug,0.5986,4
ENSG00000196230,MONDO_0005023,known_drug,0.5986,4
ENSG00000198033,MONDO_0005023,known_drug,0.5986,4
ENSG00000258947,MONDO_0005023,known_drug,0.5986,4
ENSG00000258947,MONDO_0005023,literature,0.0487,2
ENSG00000261456,MONDO_0005023,known_drug,0.5986,4
ENSG00000047936,MONDO_0005051,known_drug,0.1369,2
ENSG00000047936,MONDO_0005051,literature,0.0122,1
ENSG00000091831,MONDO_0005051,known_drug,0.1694,4
ENSG00000091831,MONDO_0005051,literature,0.3022,197
ENSG00000105810,MONDO_0005051,known_drug,0.1217,1
ENSG00000109163,MONDO_0005051,known_drug,0.1217,1
ENSG00000110092,MONDO_0005051,known_drug,0.1217,1
ENSG00000110092,MONDO_0005051,literature,0.159,8
ENSG00000135446,MONDO_0005051,known_drug,0.1217,1
ENSG00000135446,MONDO_0005051,literature,0.0713,3
ENSG00000137869,MONDO_0005051,known_drug,0.1656,3
ENSG00000137869,MONDO_0005051,literature,0.0651,4
ENSG00000139618,MONDO_0005051,genetic_association,0.1947,1
ENSG00000139618,MONDO_0005051,literature,0.0852,13
ENSG00000140538,MONDO_0005051,known_drug,0.1369,2
ENSG00000148053,MONDO_0005051,known_drug,0.1369,2
ENSG00000171094,MONDO_0005051,known_drug,0.1217,1
ENSG00000171094,MONDO_0005051,literature,0.0182,1
ENSG00000174059,MONDO_0005051,literature,0.4687,7
ENSG00000198400,MONDO_0005051,known_drug,0.1369,2
ENSG00000198400,MONDO_0005051,literature,0.0243,1
ENSG00000047936,MONDO_0005061,affected_pathway,0.9291,8
ENSG00000047936,MONDO_0005061,genetic_association,0.3825,3
ENSG00000047936,MONDO_0005061,known_drug,0.1528,3
ENSG00000047936,MONDO_0005061,literature,0.5228,407
ENSG00000047936,MONDO_0005061,rna_expression,0.0206,1
ENSG00000047936,MONDO_0005061,somatic_mutation,0.7124,7
ENSG00000073282,MONDO_0005061,genetic_association,0.8406,10
ENSG00000073282,MONDO_0005061,literature,0.3264,41
ENSG00000073282,MONDO_0005061,somatic_mutation,0.4562,1
ENSG00000079999,MONDO_0005061,literature,0.5961,240
ENSG00000079999,MONDO_0005061,somatic_mutation,0.797,7
ENSG00000107960,MONDO_0005061,genetic_association,0.7644,4
ENSG00000107960,MONDO_0005061,literature,0.0523,4
ENSG00000117713,MONDO_0005061,literature,0.6619,39
ENSG00000117713,MONDO_0005061,somatic_mutation,0.6887,3
ENSG00000118046,MONDO_0005061,affected_pathway,0.952,12
ENSG00000118046,MONDO_0005061,literature,0.8838,548
ENSG00000118046,MONDO_0005061,somatic_mutation,0.7832,8
ENSG00000121879,MONDO_0005061,literature,0.6265,218
ENSG00000121879,MONDO_0005061,somatic_mutation,0.6994,4
ENSG00000127616,MONDO_0005061,literature,0.7152,107
ENSG00000127616,MONDO_0005061,somatic_mutation,0.7258,5
ENSG00000133703,MONDO_0005061,affected_pathway,0.9291,8
ENSG00000133703,MONDO_0005061,literature,0.9567,2738
ENSG00000133703,MONDO_0005061,somatic_mutation,0.8229,8
ENSG00000134982,MONDO_0005061,literature,0.1152,53
ENSG00000134982,MONDO_0005061,somatic_mutation,0.6027,5
ENSG00000138593,MONDO_0005061,genetic_association,0.7391,6
ENSG00000138593,MONDO_0005061,literature,0.0304,1
ENSG00000138593,MONDO_0005061,rna_expression,0.0758,2
ENSG00000139618,MONDO_0005061,genetic_association,0.6365,2
ENSG00000139618,MONDO_0005061,literature,0.1808,40
ENSG00000139618,MONDO_0005061,somatic_mutation,0.4562,1
ENSG00000139687,MONDO_0005061,literature,0.3518,148
ENSG00000139687,MONDO_0005061,somatic_mutation,0.736,7
ENSG00000141510,MONDO_0005061,literature,0.9148,1491
ENSG00000141510,MONDO_0005061,somatic_mutation,0.8701,15
ENSG00000141736,MONDO_0005061,affected_pathway,0.9477,11
ENSG00000141736,MONDO_0005061,known_drug,0.6071,18
ENSG00000141736,MONDO_0005061,literature,0.7536,557
ENSG00000141736,MONDO_0005061,somatic_mutation,0.7003,9
ENSG00000143924,MONDO_0005061,known_drug,0.4857,7
ENSG00000143924,MONDO_0005061,literature,0.3302,350
ENSG00000143924,MONDO_0005061,somatic_mutation,0.6083,1
ENSG00000146648,MONDO_0005061,affected_pathway,0.828,3
ENSG00000146648,MONDO_0005061,genetic_association,0.7198,3
ENSG00000146648,MONDO_0005061,known_drug,0.6622,58
ENSG00000146648,MONDO_0005061,literature,0.9863,7007
ENSG00000146648,MONDO_0005061,somatic_mutation,0.8677,33
ENSG00000147889,MONDO_0005061,genetic_association,0.2207,3
ENSG00000147889,MONDO_0005061,literature,0.5498,152
ENSG00000147889,MONDO_0005061,somatic_mutation,0.6852,4
ENSG00000149311,MONDO_0005061,genetic_association,0.554,1
ENSG00000149311,MONDO_0005061,literature,0.645,98
ENSG00000149311,MONDO_0005061,somatic_mutation,0.681,5
ENSG00000157168,MONDO_0005061,affected_pathway,0.7604,2
ENSG00000157168,MONDO_0005061,genetic_association,0.8148,6
ENSG00000157168,MONDO_0005061,literature,0.2773,60
ENSG00000157168,MONDO_0005061,rna_expression,0.1103,2
ENSG00000157168,MONDO_0005061,somatic_mutation,0.6083,1
ENSG00000157764,MONDO_0005061,affected_pathway,0.952,12
ENSG00000157764,MONDO_0005061,known_drug,0.1369,2
ENSG00000157764,MONDO_0005061,literature,0.4651,495
ENSG00000157764,MONDO_0005061,somatic_mutation,0.8034,12
ENSG00000160201,MONDO_0005061,literature,0.6237,23
ENSG00000160201,MONDO_0005061,somatic_mutation,0.6657,4
ENSG00000164362,MONDO_0005061,genetic_association,0.7398,16
ENSG00000164362,MONDO_0005061,literature,0.3602,69
ENSG00000164362,MONDO_0005061,somatic_mutation,0.4562,1
ENSG00000165731,MONDO_0005061,affected_pathway,0.9072,6
ENSG00000165731,MONDO_0005061,known_drug,0.1694,4
ENSG00000165731,MONDO_0005061,literature,0.4815,334
ENSG00000165731,MONDO_0005061,somatic_mutation,0.6083,1
ENSG00000168702,MONDO_0005061,literature,0.479,27
ENSG00000168702,MONDO_0005061,somatic_mutation,0.6004,4
ENSG00000171094,MONDO_0005061,affected_pathway,0.9723,21
ENSG00000171094,MONDO_0005061,known_drug,0.4875,8
ENSG00000171094,MONDO_0005061,literature,0.8844,1842
ENSG00000171094,MONDO_0005061,somatic_mutation,0.5256,2
ENSG00000178568,MONDO_0005061,affected_pathway,0.7604,2
ENSG00000178568,MONDO_0005061,known_drug,0.6058,15
ENSG00000178568,MONDO_0005061,literature,0.1736,22
ENSG00000178568,MONDO_0005061,rna_expression,0.0885,1
ENSG00000178568,MONDO_0005061,somatic_mutation,0.6083,1
ENSG00000181555,MONDO_0005061,literature,0.5428,53
ENSG00000181555,MONDO_0005061,somatic_mutation,0.6447,3
ENSG00000182872,MONDO_0005061,literature,0.8948,64
ENSG00000182872,MONDO_0005061,somatic_mutation,0.8116,6
ENSG00000196712,MONDO_0005061,literature,0.4186,70
ENSG00000196712,MONDO_0005061,somatic_mutation,0.6466,3
ENSG00000012048,MONDO_0005063,genetic_association,0.5596,1
ENSG00000012048,MONDO_0005063,literature,0.219,17
ENSG00000091831,MONDO_0005063,literature,0.0386,5
ENSG00000091831,MONDO_0005063,somatic_mutation,0.3041,1
ENSG00000122512,MONDO_0005063,somatic_mutation,0.3041,1
ENSG00000135679,MONDO_0005063,somatic_mutation,0.3041,1
ENSG00000141510,MONDO_0005063,literature,0.0731,4
ENSG00000141510,MONDO_0005063,somatic_mutation,0.6083,1
ENSG00000181143,MONDO_0005063,somatic_mutation,0.1521,1
ENSG00000204209,MONDO_0005063,somatic_mutation,0.3041,1
ENSG00000056972,MONDO_0005083,genetic_association,0.9312,20
ENSG00000056972,MONDO_0005083,genetic_literature,0.6083,1
ENSG00000056972,MONDO_0005083,literature,0.6862,100
ENSG00000065989,MONDO_0005083,genetic_association,0.3037,3
ENSG00000065989,MONDO_0005083,known_drug,0.9691,41
ENSG00000065989,MONDO_0005083,literature,0.4157,236
ENSG00000065989,MONDO_0005083,rna_expression,0.0348,1
ENSG00000077092,MONDO_0005083,known_drug,0.9705,32
ENSG00000077092,MONDO_0005083,literature,0.0701,4
ENSG00000105397,MONDO_0005083,genetic_association,0.9304,26
ENSG00000105397,MONDO_0005083,known_drug,0.9405,25
ENSG00000105397,MONDO_0005083,literature,0.7051,306
ENSG00000105650,MONDO_0005083,known_drug,0.9691,41
ENSG00000106546,MONDO_0005083,genetic_association,0.3576,1
ENSG00000106546,MONDO_0005083,known_drug,0.9268,11
ENSG00000106546,MONDO_0005083,literature,0.8766,207
ENSG00000110944,MONDO_0005083,genetic_association,0.3951,17
ENSG00000110944,MONDO_0005083,known_drug,0.988,85
ENSG00000110944,MONDO_0005083,literature,0.9544,709
ENSG00000110944,MONDO_0005083,rna_expression,0.118,1
ENSG00000111252,MONDO_0005083,genetic_association,0.8946,7
ENSG00000111252,MONDO_0005083,literature,0.0979,9
ENSG00000111424,MONDO_0005083,known_drug,0.9878,92
ENSG00000111424,MONDO_0005083,literature,0.8692,143
ENSG00000112115,MONDO_0005083,known_drug,0.9841,76
ENSG00000112115,MONDO_0005083,literature,0.9847,5837
ENSG00000112115,MONDO_0005083,rna_expression,0.4608,6
ENSG00000112116,MONDO_0005083,known_drug,0.89,11
ENSG00000112116,MONDO_0005083,literature,0.7051,350
ENSG00000112116,MONDO_0005083,rna_expression,0.3677,4
ENSG00000113302,MONDO_0005083,genetic_association,0.9666,61
ENSG00000113302,MONDO_0005083,genetic_literature,0.6083,1
ENSG00000113302,MONDO_0005083,known_drug,0.988,85
ENSG00000113302,MONDO_0005083,literature,0.5071,201
ENSG00000113302,MONDO_0005083,rna_expression,0.3515,6
ENSG00000113448,MONDO_0005083,known_drug,0.9691,41
ENSG00000113448,MONDO_0005083,literature,0.2924,12
ENSG00000113580,MONDO_0005083,known_drug,0.9886,105
ENSG00000113580,MONDO_0005083,literature,0.223,28
ENSG00000115267,MONDO_0005083,genetic_association,0.7574,23
ENSG00000115267,MONDO_0005083,literature,0.3707,70
ENSG00000115267,MONDO_0005083,rna_expression,0.1397,12
ENSG00000118503,MONDO_0005083,genetic_association,0.8835,25
ENSG00000118503,MONDO_0005083,literature,0.8435,155
ENSG00000118503,MONDO_0005083,rna_expression,0.0722,1
ENSG00000131759,MONDO_0005083,known_drug,0.9705,32
ENSG00000131759,MONDO_0005083,literature,0.0731,7
ENSG00000143171,MONDO_0005083,known_drug,0.9557,19
ENSG00000160255,MONDO_0005083,animal_model,0.565,3
ENSG00000160255,MONDO_0005083,known_drug,0.8754,7
ENSG00000160255,MONDO_0005083,literature,0.2238,45
ENSG00000162594,MONDO_0005083,genetic_association,0.8988,28
ENSG00000162594,MONDO_0005083,literature,0.5407,340
ENSG00000168811,MONDO_0005083,known_drug,0.9756,35
ENSG00000168811,MONDO_0005083,literature,0.0833,12
ENSG00000172819,MONDO_0005083,known_drug,0.9705,32
ENSG00000172819,MONDO_0005083,literature,0.0385,3
ENSG00000177663,MONDO_0005083,genetic_association,0.3983,2
ENSG00000177663,MONDO_0005083,known_drug,0.9466,17
ENSG00000177663,MONDO_0005083,literature,0.4165,233
ENSG00000184588,MONDO_0005083,known_drug,0.9691,41
ENSG00000184588,MONDO_0005083,literature,0.0944,8
ENSG00000184588,MONDO_0005083,rna_expression,0.0506,1
ENSG00000186350,MONDO_0005083,known_drug,0.9557,19
ENSG00000186350,MONDO_0005083,literature,0.1518,5
ENSG00000196262,MONDO_0005083,known_drug,0.8756,8
ENSG00000196262,MONDO_0005083,literature,0.1967,3
ENSG00000204231,MONDO_0005083,known_drug,0.9557,19
ENSG00000204231,MONDO_0005083,literature,0.1065,2
ENSG00000228716,MONDO_0005083,known_drug,0.9774,43
ENSG00000228716,MONDO_0005083,literature,0.0465,14
ENSG00000228716,MONDO_0005083,rna_expression,0.0592,1
ENSG00000232810,MONDO_0005083,animal_model,0.2963,1
ENSG00000232810,MONDO_0005083,known_drug,0.9886,135
ENSG00000232810,MONDO_0005083,literature,0.9775,5821
ENSG00000241404,MONDO_0005083,genetic_association,0.9425,13
ENSG00000241404,MONDO_0005083,literature,0.0122,1
ENSG00000040608,MONDO_0005090,animal_model,0.618,3
ENSG00000040608,MONDO_0005090,genetic_association,0.7844,9
ENSG00000040608,MONDO_0005090,genetic_literature,0.6083,1
ENSG00000040608,MONDO_0005090,literature,0.8761,33
ENSG00000069696,MONDO_0005090,animal_model,0.5741,1
ENSG00000069696,MONDO_0005090,known_drug,0.9886,355
ENSG00000069696,MONDO_0005090,literature,0.4846,165
ENSG00000099381,MONDO_0005090,genetic_association,0.8343,9
ENSG00000099381,MONDO_0005090,literature,0.4416,95
ENSG00000102468,MONDO_0005090,known_drug,0.9886,1528
ENSG00000102468,MONDO_0005090,literature,0.5164,385
ENSG00000112038,MONDO_0005090,known_drug,0.8374,14
ENSG00000112038,MONDO_0005090,literature,0.4725,28
ENSG00000135312,MONDO_0005090,known_drug,0.9681,27
ENSG00000135312,MONDO_0005090,literature,0.7407,22
ENSG00000135914,MONDO_0005090,known_drug,0.9704,31
ENSG00000135914,MONDO_0005090,literature,0.0767,7
ENSG00000138821,MONDO_0005090,genetic_association,0.8746,15
ENSG00000138821,MONDO_0005090,literature,0.3992,70
ENSG00000147246,MONDO_0005090,known_drug,0.9886,919
ENSG00000147246,MONDO_0005090,literature,0.2182,51
ENSG00000148680,MONDO_0005090,known_drug,0.9681,27
ENSG00000148680,MONDO_0005090,literature,0.1832,29
ENSG00000149295,MONDO_0005090,animal_model,0.5741,1
ENSG00000149295,MONDO_0005090,genetic_association,0.5713,20
ENSG00000149295,MONDO_0005090,known_drug,0.9886,1618
ENSG00000149295,MONDO_0005090,literature,0.9424,1255
ENSG00000149305,MONDO_0005090,known_drug,0.9713,32
ENSG00000149305,MONDO_0005090,literature,0.1441,6
ENSG00000150625,MONDO_0005090,genetic_association,0.8538,11
ENSG00000150625,MONDO_0005090,literature,0.3491,20
ENSG00000151577,MONDO_0005090,animal_model,0.5288,2
ENSG00000151577,MONDO_0005090,genetic_association,0.1947,1
ENSG00000151577,MONDO_0005090,genetic_literature,0.3041,1
ENSG00000151577,MONDO_0005090,known_drug,0.9886,412
ENSG00000151577,MONDO_0005090,literature,0.4831,260
ENSG00000157219,MONDO_0005090,known_drug,0.9681,27
ENSG00000157219,MONDO_0005090,literature,0.3392,56
ENSG00000157219,MONDO_0005090,rna_expression,0.0164,1
ENSG00000158748,MONDO_0005090,known_drug,0.9694,29
ENSG00000158748,MONDO_0005090,literature,0.2966,35
ENSG00000164270,MONDO_0005090,animal_model,0.374,1
ENSG00000164270,MONDO_0005090,known_drug,0.9688,29
ENSG00000164270,MONDO_0005090,literature,0.6693,17
ENSG00000166736,MONDO_0005090,known_drug,0.9737,40
ENSG00000166736,MONDO_0005090,literature,0.1766,35
ENSG00000168830,MONDO_0005090,known_drug,0.9681,27
ENSG00000168830,MONDO_0005090,literature,0.0228,2
ENSG00000177000,MONDO_0005090,animal_model,0.6622,4
ENSG00000177000,MONDO_0005090,genetic_association,0.7716,40
ENSG00000177000,MONDO_0005090,genetic_literature,0.6083,1
ENSG00000177000,MONDO_0005090,literature,0.8343,192
ENSG00000178084,MONDO_0005090,known_drug,0.9713,32
ENSG00000178084,MONDO_0005090,literature,0.0608,1
ENSG00000178394,MONDO_0005090,known_drug,0.9886,296
ENSG00000178394,MONDO_0005090,literature,0.6162,273
ENSG00000179097,MONDO_0005090,known_drug,0.9681,27
ENSG00000179097,MONDO_0005090,literature,0.0718,3
ENSG00000179546,MONDO_0005090,known_drug,0.9681,27
ENSG00000179546,MONDO_0005090,literature,0.0698,3
ENSG00000182511,MONDO_0005090,genetic_association,0.9014,18
ENSG00000182511,MONDO_0005090,literature,0.0834,4
ENSG00000182732,MONDO_0005090,genetic_association,0.8685,15
ENSG00000182732,MONDO_0005090,literature,0.1772,7
ENSG00000183454,MONDO_0005090,genetic_association,0.6567,16
ENSG00000183454,MONDO_0005090,known_drug,0.6504,13
ENSG00000183454,MONDO_0005090,literature,0.8879,254
ENSG00000186038,MONDO_0005090,known_drug,0.9713,32
ENSG00000186038,MONDO_0005090,literature,0.0608,1
ENSG00000186090,MONDO_0005090,known_drug,0.9713,32
ENSG00000186090,MONDO_0005090,literature,0.0608,1
ENSG00000198822,MONDO_0005090,genetic_association,0.8007,15
ENSG00000198822,MONDO_0005090,known_drug,0.5325,11
ENSG00000198822,MONDO_0005090,literature,0.8307,173
ENSG00000012779,MONDO_0005101,known_drug,0.9886,145
ENSG00000012779,MONDO_0005101,literature,0.0474,5
ENSG00000012779,MONDO_0005101,rna_expression,0.068,2
ENSG00000073756,MONDO_0005101,known_drug,0.9886,145
ENSG00000073756,MONDO_0005101,literature,0.1905,81
ENSG00000073756,MONDO_0005101,rna_expression,0.216,5
ENSG00000095303,MONDO_0005101,known_drug,0.9886,145
ENSG00000095303,MONDO_0005101,literature,0.1943,3
ENSG00000095303,MONDO_0005101,rna_expression,0.0086,1
ENSG00000096968,MONDO_0005101,genetic_association,0.8184,8
ENSG00000096968,MONDO_0005101,known_drug,0.9493,45
ENSG00000096968,MONDO_0005101,literature,0.1824,74
ENSG00000096968,MONDO_0005101,rna_expression,0.0447,1
ENSG00000096968,MONDO_0005101,somatic_mutation,0.3041,1
ENSG00000105397,MONDO_0005101,genetic_association,0.0518,1
ENSG00000105397,MONDO_0005101,known_drug,0.9499,50
ENSG00000105397,MONDO_0005101,literature,0.2276,24
ENSG00000105639,MONDO_0005101,known_drug,0.9494,46
ENSG00000105639,MONDO_0005101,literature,0.1147,30
ENSG00000105639,MONDO_0005101,rna_expression,0.1058,5
ENSG00000105639,MONDO_0005101,somatic_mutation,0.4562,1
ENSG00000110944,MONDO_0005101,known_drug,0.9824,73
ENSG00000110944,MONDO_0005101,literature,0.2101,49
ENSG00000110944,MONDO_0005101,rna_expression,0.2118,5
ENSG00000113302,MONDO_0005101,genetic_association,0.8836,11
ENSG00000113302,MONDO_0005101,known_drug,0.9824,73
ENSG00000113302,MONDO_0005101,literature,0.0841,26
ENSG00000113580,MONDO_0005101,known_drug,0.9886,204
ENSG00000113580,MONDO_0005101,literature,0.2368,14
ENSG00000113580,MONDO_0005101,rna_expression,0.012,1
ENSG00000115232,MONDO_0005101,known_drug,0.9829,76
ENSG00000115232,MONDO_0005101,literature,0.1338,1
ENSG00000115232,MONDO_0005101,rna_expression,0.0084,1
ENSG00000119919,MONDO_0005101,genetic_association,0.7812,16
ENSG00000119919,MONDO_0005101,literature,0.1015,14
ENSG00000121281,MONDO_0005101,genetic_association,0.7854,5
ENSG00000121281,MONDO_0005101,literature,0.072,3
ENSG00000125910,MONDO_0005101,known_drug,0.906,21
ENSG00000125910,MONDO_0005101,literature,0.0226,3
ENSG00000128059,MONDO_0005101,known_drug,0.924,11
ENSG00000128604,MONDO_0005101,genetic_association,0.7876,7
ENSG00000128604,MONDO_0005101,literature,0.1096,16
ENSG00000132170,MONDO_0005101,known_drug,0.9886,146
ENSG00000132170,MONDO_0005101,literature,0.3225,132
ENSG00000132170,MONDO_0005101,rna_expression,0.1493,5
ENSG00000136634,MONDO_0005101,genetic_association,0.8836,15
ENSG00000136634,MONDO_0005101,literature,0.3672,306
ENSG00000136634,MONDO_0005101,rna_expression,0.0218,1
ENSG00000139626,MONDO_0005101,known_drug,0.984,88
ENSG00000139626,MONDO_0005101,literature,0.0243,1
ENSG00000143226,MONDO_0005101,genetic_association,0.8653,20
ENSG00000143226,MONDO_0005101,literature,0.1409,21
ENSG00000143226,MONDO_0005101,rna_expression,0.1482,4
ENSG00000162434,MONDO_0005101,known_drug,0.9496,48
ENSG00000162434,MONDO_0005101,literature,0.1499,104
ENSG00000162594,MONDO_0005101,genetic_association,0.9044,33
ENSG00000162594,MONDO_0005101,literature,0.2522,92
ENSG00000162594,MONDO_0005101,rna_expression,0.0318,1
ENSG00000163362,MONDO_0005101,genetic_association,0.7823,9
ENSG00000163362,MONDO_0005101,literature,0.0304,1
ENSG00000163362,MONDO_0005101,rna_expression,0.0183,1
ENSG00000168811,MONDO_0005101,known_drug,0.9529,30
ENSG00000168811,MONDO_0005101,literature,0.0166,3
ENSG00000170989,MONDO_0005101,known_drug,0.9442,35
ENSG00000170989,MONDO_0005101,literature,0.1471,62
ENSG00000170989,MONDO_0005101,rna_expression,0.0584,5
ENSG00000173531,MONDO_0005101,genetic_association,0.8101,10
ENSG00000173531,MONDO_0005101,literature,0.0779,14
ENSG00000178623,MONDO_0005101,genetic_association,0.865,13
ENSG00000178623,MONDO_0005101,literature,0.0923,18
ENSG00000180739,MONDO_0005101,genetic_association,0.0415,1
ENSG00000180739,MONDO_0005101,known_drug,0.9222,32
ENSG00000180739,MONDO_0005101,literature,0.0409,6
ENSG00000180739,MONDO_0005101,rna_expression,0.1402,4
ENSG00000180871,MONDO_0005101,genetic_association,0.7991,4
ENSG00000180871,MONDO_0005101,known_drug,0.1656,3
ENSG00000180871,MONDO_0005101,literature,0.0915,16
ENSG00000180871,MONDO_0005101,rna_expression,0.3761,7
ENSG00000181634,MONDO_0005101,genetic_association,0.7933,10
ENSG00000181634,MONDO_0005101,literature,0.1665,40
ENSG00000181634,MONDO_0005101,rna_expression,0.0384,2
ENSG00000232810,MONDO_0005101,known_drug,0.9886,165
ENSG00000232810,MONDO_0005101,literature,0.8061,2066
ENSG00000232810,MONDO_0005101,rna_expression,0.0247,2
ENSG00000037280,MONDO_0005105,known_drug,0.6428,78
ENSG00000037280,MONDO_0005105,literature,0.2651,68
ENSG00000037280,MONDO_0005105,somatic_mutation,0.6083,1
ENSG00000048392,MONDO_0005105,known_drug,0.9204,28
ENSG00000048392,MONDO_0005105,literature,0.4852,6
ENSG00000077498,MONDO_0005105,genetic_association,0.8634,10
ENSG00000077498,MONDO_0005105,literature,0.9491,3037
ENSG00000077498,MONDO_0005105,rna_expression,0.1229,1
ENSG00000089692,MONDO_0005105,known_drug,0.9294,46
ENSG00000089692,MONDO_0005105,literature,0.8879,656
ENSG00000099810,MONDO_0005105,genetic_association,0.7581,12
ENSG00000099810,MONDO_0005105,literature,0.7806,103
ENSG00000104044,MONDO_0005105,genetic_association,0.8394,5
ENSG00000104044,MONDO_0005105,literature,0.8289,74
ENSG00000107960,MONDO_0005105,genetic_association,0.7737,6
ENSG00000107960,MONDO_0005105,literature,0.7806,18
ENSG00000119414,MONDO_0005105,literature,0.8507,63
ENSG00000119414,MONDO_0005105,somatic_mutation,0.7579,4
ENSG00000119772,MONDO_0005105,affected_pathway,0.6083,1
ENSG00000119772,MONDO_0005105,known_drug,0.168,10
ENSG00000119772,MONDO_0005105,literature,0.4143,47
ENSG00000119772,MONDO_0005105,somatic_mutation,0.5292,2
ENSG00000126934,MONDO_0005105,known_drug,0.97,184
ENSG00000126934,MONDO_0005105,literature,0.6964,87
ENSG00000126934,MONDO_0005105,somatic_mutation,0.6083,1
ENSG00000135446,MONDO_0005105,genetic_literature,0.6083,1
ENSG00000135446,MONDO_0005105,known_drug,0.19,16
ENSG00000135446,MONDO_0005105,literature,0.9596,972
ENSG00000135446,MONDO_0005105,somatic_mutation,0.4562,2
ENSG00000136238,MONDO_0005105,literature,0.9357,364
ENSG00000136238,MONDO_0005105,somatic_mutation,0.693,4
ENSG00000137265,MONDO_0005105,affected_pathway,0.3593,1
ENSG00000137265,MONDO_0005105,genetic_association,0.7842,4
ENSG00000137265,MONDO_0005105,literature,0.5448,72
ENSG00000137265,MONDO_0005105,rna_expression,0.0252,1
ENSG00000137265,MONDO_0005105,somatic_mutation,0.4562,1
ENSG00000141510,MONDO_0005105,known_drug,0.0912,1
ENSG00000141510,MONDO_0005105,literature,0.9862,2579
ENSG00000141510,MONDO_0005105,somatic_mutation,0.7833,6
ENSG00000142166,MONDO_0005105,known_drug,0.9586,98
ENSG00000142166,MONDO_0005105,literature,0.8674,74
ENSG00000147889,MONDO_0005105,animal_model,0.5102,2
ENSG00000147889,MONDO_0005105,genetic_association,0.8546,22
ENSG00000147889,MONDO_0005105,genetic_literature,0.6083,1
ENSG00000147889,MONDO_0005105,literature,0.9849,2157
ENSG00000147889,MONDO_0005105,somatic_mutation,0.8,7
ENSG00000157764,MONDO_0005105,affected_pathway,0.4346,1
ENSG00000157764,MONDO_0005105,genetic_association,0.6995,2
ENSG00000157764,MONDO_0005105,known_drug,0.9767,252
ENSG00000157764,MONDO_0005105,literature,0.9886,13211
ENSG00000157764,MONDO_0005105,somatic_mutation,0.7969,9
ENSG00000159110,MONDO_0005105,known_drug,0.9586,98
ENSG00000159110,MONDO_0005105,literature,0.2457,13
ENSG00000163599,MONDO_0005105,known_drug,0.9577,267
ENSG00000163599,MONDO_0005105,literature,0.9498,5050
ENSG00000167325,MONDO_0005105,known_drug,0.9204,28
ENSG00000167325,MONDO_0005105,literature,0.121,7
ENSG00000169032,MONDO_0005105,known_drug,0.97,186
ENSG00000169032,MONDO_0005105,literature,0.9465,598
ENSG00000169032,MONDO_0005105,somatic_mutation,0.6083,2
ENSG00000171848,MONDO_0005105,known_drug,0.9204,28
ENSG00000171848,MONDO_0005105,literature,0.6883,46
ENSG00000171848,MONDO_0005105,rna_expression,0.0275,1
ENSG00000171862,MONDO_0005105,genetic_literature,0.7604,2
ENSG00000171862,MONDO_0005105,literature,0.9821,1493
ENSG00000171862,MONDO_0005105,somatic_mutation,0.8062,8
ENSG00000183486,MONDO_0005105,genetic_association,0.7687,4
ENSG00000183486,MONDO_0005105,literature,0.8202,30
ENSG00000187098,MONDO_0005105,affected_pathway,0.3524,1
ENSG00000187098,MONDO_0005105,genetic_association,0.5416,6
ENSG00000187098,MONDO_0005105,literature,0.9886,2454
ENSG00000187098,MONDO_0005105,rna_expression,0.0349,1
ENSG00000187098,MONDO_0005105,somatic_mutation,0.4562,1
ENSG00000188389,MONDO_0005105,known_drug,0.9811,576
ENSG00000188389,MONDO_0005105,literature,0.9845,5042
ENSG00000189079,MONDO_0005105,literature,0.7618,93
ENSG00000189079,MONDO_0005105,somatic_mutation,0.8106,6
ENSG00000196712,MONDO_0005105,literature,0.9636,683
ENSG00000196712,MONDO_0005105,somatic_mutation,0.7906,5
ENSG00000213281,MONDO_0005105,affected_pathway,0.5098,1
ENSG00000213281,MONDO_0005105,literature,0.9876,2995
ENSG00000213281,MONDO_0005105,somatic_mutation,0.8386,7
ENSG00000258839,MONDO_0005105,genetic_association,0.6388,8
ENSG00000258839,MONDO_0005105,literature,0.9734,898
ENSG00000049768,MONDO_0005147,genetic_association,0.4866,2
ENSG00000049768,MONDO_0005147,genetic_literature,0.7604,2
ENSG00000049768,MONDO_0005147,literature,0.8444,554
ENSG00000089012,MONDO_0005147,genetic_association,0.8428,6
ENSG00000089012,MONDO_0005147,literature,0.6688,27
ENSG00000100170,MONDO_0005147,known_drug,0.8263,12
ENSG00000100170,MONDO_0005147,literature,0.2424,87
ENSG00000103811,MONDO_0005147,genetic_association,0.8681,6
ENSG00000103811,MONDO_0005147,literature,0.5708,59
ENSG00000105397,MONDO_0005147,genetic_association,0.8581,8
ENSG00000105397,MONDO_0005147,literature,0.8224,95
ENSG00000107249,MONDO_0005147,genetic_association,0.7479,6
ENSG00000107249,MONDO_0005147,literature,0.2783,67
ENSG00000111252,MONDO_0005147,genetic_association,0.932,14
ENSG00000111252,MONDO_0005147,genetic_literature,0.3041,1
ENSG00000111252,MONDO_0005147,literature,0.3777,99
ENSG00000112164,MONDO_0005147,genetic_association,0.6352,2
ENSG00000112164,MONDO_0005147,known_drug,0.6848,72
ENSG00000112164,MONDO_0005147,literature,0.8557,411
ENSG00000112182,MONDO_0005147,genetic_association,0.8558,9
ENSG00000112182,MONDO_0005147,literature,0.498,74
ENSG00000115267,MONDO_0005147,genetic_association,0.7216,8
ENSG00000115267,MONDO_0005147,literature,0.9291,297
ENSG00000134242,MONDO_0005147,genetic_association,0.7587,31
ENSG00000134242,MONDO_0005147,genetic_literature,0.3041,1
ENSG00000134242,MONDO_0005147,literature,0.9512,558
ENSG00000134242,MONDO_0005147,rna_expression,0.0463,1
ENSG00000134460,MONDO_0005147,genetic_association,0.7038,14
ENSG00000134460,MONDO_0005147,genetic_literature,0.6083,1
ENSG00000134460,MONDO_0005147,known_drug,0.6098,34
ENSG00000134460,MONDO_0005147,literature,0.9348,313
ENSG00000135100,MONDO_0005147,animal_model,0.3934,2
ENSG00000135100,MONDO_0005147,genetic_association,0.7524,170
ENSG00000135100,MONDO_0005147,genetic_literature,0.828,3
ENSG00000135100,MONDO_0005147,literature,0.6858,139
ENSG00000136634,MONDO_0005147,genetic_association,0.835,5
ENSG00000136634,MONDO_0005147,literature,0.8381,594
ENSG00000139531,MONDO_0005147,genetic_association,0.842,14
ENSG00000139531,MONDO_0005147,literature,0.1486,14
ENSG00000140675,MONDO_0005147,animal_model,0.3886,1
ENSG00000140675,MONDO_0005147,known_drug,0.9444,59
ENSG00000140675,MONDO_0005147,literature,0.8856,573
ENSG00000148737,MONDO_0005147,animal_model,0.2568,1
ENSG00000148737,MONDO_0005147,genetic_association,0.8275,11
ENSG00000148737,MONDO_0005147,literature,0.6701,65
ENSG00000148737,MONDO_0005147,rna_expression,0.0148,1
ENSG00000150637,MONDO_0005147,genetic_association,0.8345,6
ENSG00000150637,MONDO_0005147,literature,0.861,65
ENSG00000160185,MONDO_0005147,genetic_association,0.7555,8
ENSG00000160185,MONDO_0005147,literature,0.834,57
ENSG00000163599,MONDO_0005147,genetic_association,0.9218,10
ENSG00000163599,MONDO_0005147,literature,0.9362,617
ENSG00000168925,MONDO_0005147,genetic_association,0.8552,8
ENSG00000168925,MONDO_0005147,literature,0.2007,24
ENSG00000168928,MONDO_0005147,genetic_association,0.8769,8
ENSG00000168928,MONDO_0005147,literature,0.1808,8
ENSG00000171105,MONDO_0005147,animal_model,0.3837,3
ENSG00000171105,MONDO_0005147,known_drug,0.9818,632
ENSG00000171105,MONDO_0005147,literature,0.7657,206
ENSG00000175354,MONDO_0005147,genetic_association,0.762,13
ENSG00000175354,MONDO_0005147,literature,0.5365,156
ENSG00000176920,MONDO_0005147,genetic_association,0.7666,5
ENSG00000176920,MONDO_0005147,literature,0.4036,41
ENSG00000184730,MONDO_0005147,genetic_association,0.7732,8
ENSG00000184730,MONDO_0005147,literature,0.07,2
ENSG00000198851,MONDO_0005147,known_drug,0.9243,26
ENSG00000198851,MONDO_0005147,literature,0.0845,9
ENSG00000214274,MONDO_0005147,genetic_literature,0.7604,2
ENSG00000214274,MONDO_0005147,literature,0.3734,21
ENSG00000215644,MONDO_0005147,known_drug,0.8598,57
ENSG00000215644,MONDO_0005147,literature,0.8054,58
ENSG00000254647,MONDO_0005147,animal_model,0.6953,7
ENSG00000254647,MONDO_0005147,genetic_association,0.7527,31
ENSG00000254647,MONDO_0005147,genetic_literature,0.866,4
ENSG00000254647,MONDO_0005147,literature,0.9886,29018
ENSG00000006071,MONDO_0005148,animal_model,0.5449,5
ENSG00000006071,MONDO_0005148,genetic_association,0.9251,616
ENSG00000006071,MONDO_0005148,genetic_literature,0.8903,5
ENSG00000006071,MONDO_0005148,known_drug,0.9886,545
ENSG00000006071,MONDO_0005148,literature,0.7672,282
ENSG00000006071,MONDO_0005148,somatic_mutation,0.6193,6
ENSG00000010310,MONDO_0005148,genetic_association,0.5138,36
ENSG00000010310,MONDO_0005148,known_drug,0.9758,65
ENSG00000010310,MONDO_0005148,literature,0.5744,296
ENSG00000101076,MONDO_0005148,animal_model,0.4815,3
ENSG00000101076,MONDO_0005148,genetic_association,0.8307,143
ENSG00000101076,MONDO_0005148,genetic_literature,0.6691,3
ENSG00000101076,MONDO_0005148,literature,0.5186,492
ENSG00000101076,MONDO_0005148,somatic_mutation,0.1977,2
ENSG00000105221,MONDO_0005148,animal_model,0.6271,7
ENSG00000105221,MONDO_0005148,genetic_association,0.7037,159
ENSG00000105221,MONDO_0005148,genetic_literature,0.8309,7
ENSG00000105221,MONDO_0005148,literature,0.6593,109
ENSG00000106331,MONDO_0005148,genetic_association,0.7923,55
ENSG00000106331,MONDO_0005148,genetic_literature,0.365,3
ENSG00000106331,MONDO_0005148,literature,0.5271,121
ENSG00000106633,MONDO_0005148,animal_model,0.7521,39
ENSG00000106633,MONDO_0005148,genetic_association,0.9333,194
ENSG00000106633,MONDO_0005148,genetic_literature,0.8144,5
ENSG00000106633,MONDO_0005148,known_drug,0.6102,55
ENSG00000106633,MONDO_0005148,literature,0.9515,919
ENSG00000109501,MONDO_0005148,animal_model,0.546,3
ENSG00000109501,MONDO_0005148,genetic_association,0.922,528
ENSG00000109501,MONDO_0005148,genetic_literature,0.7604,2
ENSG00000109501,MONDO_0005148,literature,0.6443,181
ENSG00000112164,MONDO_0005148,genetic_association,0.7407,15
ENSG00000112164,MONDO_0005148,known_drug,0.9886,864
ENSG00000112164,MONDO_0005148,literature,0.9852,9726
ENSG00000113161,MONDO_0005148,genetic_association,0.4404,3
ENSG00000113161,MONDO_0005148,known_drug,0.916,52
ENSG00000113161,MONDO_0005148,literature,0.8357,186
ENSG00000115159,MONDO_0005148,animal_model,0.5076,3
ENSG00000115159,MONDO_0005148,genetic_association,0.6178,3
ENSG00000115159,MONDO_0005148,known_drug,0.9886,721
ENSG00000115159,MONDO_0005148,literature,0.1835,30
ENSG00000132170,MONDO_0005148,animal_model,0.5865,6
ENSG00000132170,MONDO_0005148,genetic_association,0.8871,61
ENSG00000132170,MONDO_0005148,genetic_literature,0.9196,7
ENSG00000132170,MONDO_0005148,known_drug,0.9886,392
ENSG00000132170,MONDO_0005148,literature,0.9505,2767
ENSG00000135100,MONDO_0005148,genetic_association,0.8875,209
ENSG00000135100,MONDO_0005148,genetic_literature,0.828,3
ENSG00000135100,MONDO_0005148,literature,0.9644,633
ENSG00000135100,MONDO_0005148,somatic_mutation,0.2463,6
ENSG00000140675,MONDO_0005148,known_drug,0.9886,623
ENSG00000140675,MONDO_0005148,literature,0.9786,7697
ENSG00000140718,MONDO_0005148,genetic_association,0.9711,59
ENSG00000140718,MONDO_0005148,literature,0.9506,725
ENSG00000145996,MONDO_0005148,genetic_association,0.709,100
ENSG00000145996,MONDO_0005148,genetic_literature,0.6083,1
ENSG00000145996,MONDO_0005148,literature,0.8017,451
ENSG00000148737,MONDO_0005148,animal_model,0.4407,3
ENSG00000148737,MONDO_0005148,genetic_association,0.7679,156
ENSG00000148737,MONDO_0005148,genetic_literature,0.6083,1
ENSG00000148737,MONDO_0005148,literature,0.9761,1533
ENSG00000162992,MONDO_0005148,genetic_association,0.6606,68
ENSG00000162992,MONDO_0005148,genetic_literature,0.784,4
ENSG00000162992,MONDO_0005148,literature,0.3981,104
ENSG00000163581,MONDO_0005148,animal_model,0.3593,1
ENSG00000163581,MONDO_0005148,genetic_association,0.8861,84
ENSG00000163581,MONDO_0005148,genetic_literature,0.7942,3
ENSG00000163581,MONDO_0005148,literature,0.7259,324
ENSG00000163581,MONDO_0005148,rna_expression,0.0145,1
ENSG00000163581,MONDO_0005148,somatic_mutation,0.199,3
ENSG00000164258,MONDO_0005148,genetic_association,0.3858,19
ENSG00000164258,MONDO_0005148,known_drug,0.9886,721
ENSG00000164756,MONDO_0005148,animal_model,0.5044,2
ENSG00000164756,MONDO_0005148,genetic_association,0.8977,76
ENSG00000164756,MONDO_0005148,literature,0.7615,503
ENSG00000166136,MONDO_0005148,genetic_association,0.1704,3
ENSG00000166136,MONDO_0005148,known_drug,0.9886,721
ENSG00000166136,MONDO_0005148,literature,0.0777,6
ENSG00000171105,MONDO_0005148,genetic_association,0.6269,18
ENSG00000171105,MONDO_0005148,genetic_literature,0.3041,1
ENSG00000171105,MONDO_0005148,known_drug,0.9886,969
ENSG00000171105,MONDO_0005148,literature,0.5296,1264
ENSG00000171105,MONDO_0005148,somatic_mutation,0.1947,1
ENSG00000186010,MONDO_0005148,genetic_association,0.0933,1
ENSG00000186010,MONDO_0005148,known_drug,0.9886,721
ENSG00000186010,MONDO_0005148,literature,0.0776,2
ENSG00000186951,MONDO_0005148,genetic_association,0.2383,1
ENSG00000186951,MONDO_0005148,known_drug,0.9591,89
ENSG00000186951,MONDO_0005148,literature,0.4795,917
ENSG00000187486,MONDO_0005148,genetic_association,0.9299,154
ENSG00000187486,MONDO_0005148,genetic_literature,0.866,4
ENSG00000187486,MONDO_0005148,known_drug,0.9886,547
ENSG00000187486,MONDO_0005148,literature,0.9377,514
ENSG00000187486,MONDO_0005148,somatic_mutation,0.7137,13
ENSG00000197594,MONDO_0005148,genetic_association,0.8877,135
ENSG00000197594,MONDO_0005148,genetic_literature,0.6083,1
ENSG00000197594,MONDO_0005148,literature,0.686,135
ENSG00000197594,MONDO_0005148,somatic_mutation,0.2447,3
ENSG00000197635,MONDO_0005148,known_drug,0.9886,765
ENSG00000197635,MONDO_0005148,literature,0.9682,5633
ENSG00000198888,MONDO_0005148,genetic_literature,0.3041,1
ENSG00000198888,MONDO_0005148,known_drug,0.9886,721
ENSG00000198888,MONDO_0005148,literature,0.2188,10
ENSG00000213619,MONDO_0005148,genetic_association,0.2754,2
ENSG00000213619,MONDO_0005148,known_drug,0.9886,721
ENSG00000213619,MONDO_0005148,literature,0.1515,7
ENSG00000275410,MONDO_0005148,genetic_association,0.8286,186
ENSG00000275410,MONDO_0005148,genetic_literature,0.8003,9
ENSG00000275410,MONDO_0005148,literature,0.6444,269
ENSG00000023228,MONDO_0005180,affected_pathway,0.8575,4
ENSG00000023228,MONDO_0005180,known_drug,0.5154,3
ENSG00000023228,MONDO_0005180,literature,0.2343,21
ENSG00000023228,MONDO_0005180,rna_expression,0.022,1
ENSG00000069535,MONDO_0005180,known_drug,0.9869,71
ENSG00000069535,MONDO_0005180,literature,0.9096,1823
ENSG00000069696,MONDO_0005180,known_drug,0.9886,207
ENSG00000069696,MONDO_0005180,literature,0.328,45
ENSG00000087085,MONDO_0005180,animal_model,0.4559,5
ENSG00000087085,MONDO_0005180,known_drug,0.9638,23
ENSG00000087085,MONDO_0005180,literature,0.8084,502
ENSG00000087085,MONDO_0005180,rna_expression,0.0094,1
ENSG00000093010,MONDO_0005180,known_drug,0.9883,74
ENSG00000093010,MONDO_0005180,literature,0.9397,964
ENSG00000105464,MONDO_0005180,known_drug,0.9875,67
ENSG00000105464,MONDO_0005180,literature,0.177,22
ENSG00000114200,MONDO_0005180,known_drug,0.9622,16
ENSG00000114200,MONDO_0005180,literature,0.8311,370
ENSG00000116032,MONDO_0005180,known_drug,0.9875,67
ENSG00000116288,MONDO_0005180,genetic_association,0.7798,9
ENSG00000116288,MONDO_0005180,genetic_literature,0.6083,2
ENSG00000116288,MONDO_0005180,literature,0.9815,2826
ENSG00000119421,MONDO_0005180,affected_pathway,0.866,4
ENSG00000119421,MONDO_0005180,known_drug,0.5154,3
ENSG00000119421,MONDO_0005180,literature,0.0426,5
ENSG00000128271,MONDO_0005180,known_drug,0.9578,50
ENSG00000128271,MONDO_0005180,literature,0.9208,578
ENSG00000132437,MONDO_0005180,animal_model,0.2812,1
ENSG00000132437,MONDO_0005180,known_drug,0.9886,145
ENSG00000132437,MONDO_0005180,literature,0.4616,450
ENSG00000132437,MONDO_0005180,rna_expression,0.0528,3
ENSG00000145335,MONDO_0005180,genetic_association,0.8564,45
ENSG00000145335,MONDO_0005180,genetic_literature,0.784,4
ENSG00000145335,MONDO_0005180,known_drug,0.4909,13
ENSG00000145335,MONDO_0005180,literature,0.9883,11556
ENSG00000145335,MONDO_0005180,rna_expression,0.0356,3
ENSG00000149295,MONDO_0005180,known_drug,0.9886,229
ENSG00000149295,MONDO_0005180,literature,0.9067,780
ENSG00000151577,MONDO_0005180,known_drug,0.9886,417
ENSG00000151577,MONDO_0005180,literature,0.806,179
ENSG00000158864,MONDO_0005180,affected_pathway,0.8372,4
ENSG00000158864,MONDO_0005180,known_drug,0.5154,3
ENSG00000158864,MONDO_0005180,literature,0.0526,19
ENSG00000161509,MONDO_0005180,known_drug,0.9875,67
ENSG00000161509,MONDO_0005180,literature,0.1317,8
ENSG00000168539,MONDO_0005180,affected_pathway,0.3932,1
ENSG00000168539,MONDO_0005180,known_drug,0.9886,65
ENSG00000168539,MONDO_0005180,literature,0.2453,12
ENSG00000168653,MONDO_0005180,affected_pathway,0.8653,4
ENSG00000168653,MONDO_0005180,known_drug,0.5154,3
ENSG00000168653,MONDO_0005180,literature,0.0705,4
ENSG00000176884,MONDO_0005180,affected_pathway,0.5819,1
ENSG00000176884,MONDO_0005180,known_drug,0.9875,70
ENSG00000176884,MONDO_0005180,literature,0.3127,28
ENSG00000177628,MONDO_0005180,genetic_association,0.8555,95
ENSG00000177628,MONDO_0005180,genetic_literature,0.5475,2
ENSG00000177628,MONDO_0005180,literature,0.9886,3027
ENSG00000178127,MONDO_0005180,affected_pathway,0.8633,4
ENSG00000178127,MONDO_0005180,known_drug,0.5154,3
ENSG00000178127,MONDO_0005180,literature,0.2233,23
ENSG00000183454,MONDO_0005180,known_drug,0.9875,70
ENSG00000183454,MONDO_0005180,literature,0.7965,80
ENSG00000184381,MONDO_0005180,animal_model,0.3581,2
ENSG00000184381,MONDO_0005180,genetic_association,0.9341,100
ENSG00000184381,MONDO_0005180,genetic_literature,0.8903,5
ENSG00000184381,MONDO_0005180,literature,0.9257,301
ENSG00000184845,MONDO_0005180,affected_pathway,0.6083,1
ENSG00000184845,MONDO_0005180,known_drug,0.8701,18
ENSG00000184845,MONDO_0005180,literature,0.5627,280
ENSG00000184845,MONDO_0005180,rna_expression,0.0253,1
ENSG00000186868,MONDO_0005180,animal_model,0.464,5
ENSG00000186868,MONDO_0005180,genetic_association,0.7804,38
ENSG00000186868,MONDO_0005180,literature,0.9868,4213
ENSG00000188906,MONDO_0005180,affected_pathway,0.5558,2
ENSG00000188906,MONDO_0005180,genetic_association,0.796,36
ENSG00000188906,MONDO_0005180,genetic_literature,0.73,3
ENSG00000188906,MONDO_0005180,literature,0.9886,6621
ENSG00000197746,MONDO_0005180,affected_pathway,0.866,4
ENSG00000197746,MONDO_0005180,animal_model,0.5574,9
ENSG00000197746,MONDO_0005180,genetic_association,0.5475,1
ENSG00000197746,MONDO_0005180,literature,0.8258,56
ENSG00000198785,MONDO_0005180,known_drug,0.9875,67
ENSG00000198785,MONDO_0005180,literature,0.0426,1
ENSG00000198785,MONDO_0005180,rna_expression,0.0192,1
ENSG00000273079,MONDO_0005180,known_drug,0.9875,70
ENSG00000273079,MONDO_0005180,literature,0.8381,109
ENSG00000014138,MONDO_0005184,known_drug,0.6837,140
ENSG00000048392,MONDO_0005184,known_drug,0.6837,140
ENSG00000062822,MONDO_0005184,known_drug,0.6837,140
ENSG00000062822,MONDO_0005184,somatic_mutation,0.4562,1
ENSG00000077514,MONDO_0005184,known_drug,0.6837,140
ENSG00000100479,MONDO_0005184,known_drug,0.6837,140
ENSG00000101162,MONDO_0005184,known_drug,0.6805,134
ENSG00000101868,MONDO_0005184,known_drug,0.6837,140
ENSG00000104833,MONDO_0005184,known_drug,0.6805,134
ENSG00000106628,MONDO_0005184,known_drug,0.6837,140
ENSG00000115170,MONDO_0005184,known_drug,0.441,2
ENSG00000115170,MONDO_0005184,literature,0.1369,2
ENSG00000115170,MONDO_0005184,rna_expression,0.0826,1
ENSG00000115170,MONDO_0005184,somatic_mutation,0.6083,1
ENSG00000120217,MONDO_0005184,known_drug,0.5738,28
ENSG00000120217,MONDO_0005184,literature,0.244,215
ENSG00000120217,MONDO_0005184,somatic_mutation,0.4562,1
ENSG00000123416,MONDO_0005184,known_drug,0.6805,134
ENSG00000137267,MONDO_0005184,known_drug,0.6805,134
ENSG00000137285,MONDO_0005184,known_drug,0.6805,134
ENSG00000146143,MONDO_0005184,known_drug,0.6837,140
ENSG00000146143,MONDO_0005184,literature,0.0983,3
ENSG00000148229,MONDO_0005184,known_drug,0.6837,140
ENSG00000152086,MONDO_0005184,known_drug,0.6805,134
ENSG00000167325,MONDO_0005184,known_drug,0.6837,140
ENSG00000167325,MONDO_0005184,literature,0.0791,1
ENSG00000167552,MONDO_0005184,known_drug,0.6805,134
ENSG00000167552,MONDO_0005184,rna_expression,0.0667,1
ENSG00000167553,MONDO_0005184,known_drug,0.6805,134
ENSG00000167553,MONDO_0005184,literature,0.2251,9
ENSG00000167553,MONDO_0005184,rna_expression,0.0583,1
ENSG00000171848,MONDO_0005184,known_drug,0.6837,140
ENSG00000171848,MONDO_0005184,literature,0.0696,9
ENSG00000175482,MONDO_0005184,known_drug,0.6837,140
ENSG00000176014,MONDO_0005184,known_drug,0.6805,134
ENSG00000176890,MONDO_0005184,known_drug,0.6798,92
ENSG00000176890,MONDO_0005184,literature,0.1042,5
ENSG00000177084,MONDO_0005184,known_drug,0.6837,140
ENSG00000177084,MONDO_0005184,somatic_mutation,0.4562,1
ENSG00000196230,MONDO_0005184,known_drug,0.6805,134
ENSG00000196230,MONDO_0005184,literature,0.0122,1
ENSG00000198056,MONDO_0005184,known_drug,0.6837,140
ENSG00000198900,MONDO_0005184,known_drug,0.6808,84
ENSG00000198900,MONDO_0005184,literature,0.0365,1
ENSG00000198900,MONDO_0005184,somatic_mutation,0.3041,1
ENSG00000258947,MONDO_0005184,known_drug,0.6805,134
ENSG00000258947,MONDO_0005184,literature,0.12,3
ENSG00000261456,MONDO_0005184,known_drug,0.6805,134
ENSG00000002745,MONDO_0005298,genetic_association,0.7427,7
ENSG00000002745,MONDO_0005298,literature,0.4227,40
ENSG00000004948,MONDO_0005298,animal_model,0.3917,1
ENSG00000004948,MONDO_0005298,genetic_association,0.1947,1
ENSG00000004948,MONDO_0005298,known_drug,0.889,13
ENSG00000004948,MONDO_0005298,literature,0.2762,44
ENSG00000079215,MONDO_0005298,genetic_association,0.7335,5
ENSG00000082175,MONDO_0005298,known_drug,0.7286,4
ENSG00000082175,MONDO_0005298,literature,0.0485,8
ENSG00000091831,MONDO_0005298,animal_model,0.4359,2
ENSG00000091831,MONDO_0005298,genetic_association,0.6536,5
ENSG00000091831,MONDO_0005298,known_drug,0.9814,48
ENSG00000091831,MONDO_0005298,literature,0.8371,1009
ENSG00000102024,MONDO_0005298,animal_model,0.6875,4
ENSG00000102024,MONDO_0005298,genetic_association,0.6083,1
ENSG00000102024,MONDO_0005298,genetic_literature,0.6083,1
ENSG00000102024,MONDO_0005298,literature,0.7246,75
ENSG00000108821,MONDO_0005298,animal_model,0.4834,4
ENSG00000108821,MONDO_0005298,genetic_association,0.9204,55
ENSG00000108821,MONDO_0005298,genetic_literature,0.6083,2
ENSG00000108821,MONDO_0005298,literature,0.3602,148
ENSG00000110693,MONDO_0005298,genetic_association,0.6324,2
ENSG00000110693,MONDO_0005298,literature,0.4704,17
ENSG00000111252,MONDO_0005298,genetic_association,0.7308,4
ENSG00000111424,MONDO_0005298,animal_model,0.5045,4
ENSG00000111424,MONDO_0005298,known_drug,0.9565,39
ENSG00000111424,MONDO_0005298,literature,0.8856,471
ENSG00000116729,MONDO_0005298,genetic_association,0.7255,8
ENSG00000116729,MONDO_0005298,literature,0.0888,4
ENSG00000118785,MONDO_0005298,animal_model,0.4194,1
ENSG00000118785,MONDO_0005298,genetic_association,0.8965,11
ENSG00000118785,MONDO_0005298,literature,0.6228,187
ENSG00000120262,MONDO_0005298,genetic_association,0.6871,12
ENSG00000120262,MONDO_0005298,literature,0.2252,7
ENSG00000120659,MONDO_0005298,animal_model,0.3019,1
ENSG00000120659,MONDO_0005298,genetic_association,0.7591,9
ENSG00000120659,MONDO_0005298,known_drug,0.9883,105
ENSG00000120659,MONDO_0005298,literature,0.6332,1987
ENSG00000125084,MONDO_0005298,genetic_association,0.7148,20
ENSG00000125084,MONDO_0005298,genetic_literature,0.6083,1
ENSG00000125084,MONDO_0005298,literature,0.3593,111
ENSG00000137869,MONDO_0005298,genetic_association,0.683,6
ENSG00000137869,MONDO_0005298,known_drug,0.0076,2
ENSG00000137869,MONDO_0005298,literature,0.2638,293
ENSG00000140009,MONDO_0005298,known_drug,0.9736,34
ENSG00000140009,MONDO_0005298,literature,0.5285,93
ENSG00000141655,MONDO_0005298,genetic_association,0.8392,5
ENSG00000141655,MONDO_0005298,literature,0.6927,489
ENSG00000146374,MONDO_0005298,genetic_association,0.7947,8
ENSG00000146374,MONDO_0005298,literature,0.0864,7
ENSG00000160752,MONDO_0005298,known_drug,0.9886,235
ENSG00000160752,MONDO_0005298,literature,0.1848,48
ENSG00000160801,MONDO_0005298,known_drug,0.9882,135
ENSG00000160801,MONDO_0005298,literature,0.1673,79
ENSG00000162337,MONDO_0005298,animal_model,0.807,13
ENSG00000162337,MONDO_0005298,genetic_association,0.8605,242
ENSG00000162337,MONDO_0005298,genetic_literature,0.6083,2
ENSG00000162337,MONDO_0005298,literature,0.7398,366
ENSG00000164692,MONDO_0005298,animal_model,0.4823,5
ENSG00000164692,MONDO_0005298,genetic_association,0.9091,33
ENSG00000164692,MONDO_0005298,genetic_literature,0.6083,1
ENSG00000164692,MONDO_0005298,literature,0.238,110
ENSG00000164761,MONDO_0005298,animal_model,0.5718,2
ENSG00000164761,MONDO_0005298,genetic_association,0.7176,9
ENSG00000164761,MONDO_0005298,literature,0.8595,1028
ENSG00000167941,MONDO_0005298,animal_model,0.4397,2
ENSG00000167941,MONDO_0005298,genetic_association,0.2272,4
ENSG00000167941,MONDO_0005298,known_drug,0.9669,31
ENSG00000167941,MONDO_0005298,literature,0.7461,821
ENSG00000168036,MONDO_0005298,genetic_association,0.6537,8
ENSG00000168036,MONDO_0005298,literature,0.4877,47
ENSG00000169083,MONDO_0005298,known_drug,0.7883,8
ENSG00000169083,MONDO_0005298,literature,0.3431,99
ENSG00000184432,MONDO_0005298,genetic_literature,0.828,3
ENSG00000184432,MONDO_0005298,literature,0.12,6
ENSG00000196937,MONDO_0005298,genetic_association,0.7478,9
ENSG00000196937,MONDO_0005298,literature,0.0455,3
ENSG00000240583,MONDO_0005298,genetic_association,0.708,6
ENSG00000240583,MONDO_0005298,literature,0.0122,1
ENSG00000008710,MONDO_0005300,genetic_association,0.8395,86
ENSG00000008710,MONDO_0005300,literature,0.2403,121
ENSG00000021826,MONDO_0005300,genetic_association,0.8158,3
ENSG00000021826,MONDO_0005300,literature,0.1221,9
ENSG00000036828,MONDO_0005300,known_drug,0.9454,26
ENSG00000036828,MONDO_0005300,literature,0.724,153
ENSG00000070915,MONDO_0005300,known_drug,0.9886,120
ENSG00000070915,MONDO_0005300,literature,0.2618,23
ENSG00000070915,MONDO_0005300,rna_expression,0.1344,2
ENSG00000074803,MONDO_0005300,known_drug,0.7853,7
ENSG00000074803,MONDO_0005300,literature,0.6203,8
ENSG00000081052,MONDO_0005300,genetic_association,0.7482,3
ENSG00000081052,MONDO_0005300,literature,0.2393,53
ENSG00000100170,MONDO_0005300,known_drug,0.7697,4
ENSG00000100170,MONDO_0005300,literature,0.1115,38
ENSG00000100342,MONDO_0005300,genetic_association,0.8307,18
ENSG00000100342,MONDO_0005300,literature,0.9513,569
ENSG00000111424,MONDO_0005300,known_drug,0.9882,96
ENSG00000111424,MONDO_0005300,literature,0.693,360
ENSG00000112499,MONDO_0005300,genetic_association,0.6753,11
ENSG00000112499,MONDO_0005300,literature,0.1424,20
ENSG00000112964,MONDO_0005300,known_drug,0.8973,7
ENSG00000112964,MONDO_0005300,literature,0.1621,24
ENSG00000118762,MONDO_0005300,genetic_association,0.8686,24
ENSG00000118762,MONDO_0005300,literature,0.2038,77
ENSG00000129521,MONDO_0005300,known_drug,0.9196,26
ENSG00000129521,MONDO_0005300,literature,0.0371,4
ENSG00000131183,MONDO_0005300,genetic_association,0.8137,4
ENSG00000131183,MONDO_0005300,literature,0.231,33
ENSG00000131183,MONDO_0005300,rna_expression,0.0487,1
ENSG00000131196,MONDO_0005300,genetic_association,0.8219,4
ENSG00000131196,MONDO_0005300,literature,0.5493,9
ENSG00000131196,MONDO_0005300,rna_expression,0.0193,1
ENSG00000134389,MONDO_0005300,genetic_association,0.2433,2
ENSG00000134389,MONDO_0005300,genetic_literature,0.866,4
ENSG00000134389,MONDO_0005300,literature,0.109,7
ENSG00000135766,MONDO_0005300,known_drug,0.9196,26
ENSG00000135766,MONDO_0005300,literature,0.1057,19
ENSG00000138675,MONDO_0005300,genetic_association,0.7646,3
ENSG00000138675,MONDO_0005300,literature,0.2178,7
ENSG00000140675,MONDO_0005300,known_drug,0.9807,87
ENSG00000140675,MONDO_0005300,literature,0.9751,2591
ENSG00000140675,MONDO_0005300,rna_expression,0.0305,1
ENSG00000140718,MONDO_0005300,genetic_association,0.93,11
ENSG00000140718,MONDO_0005300,literature,0.2104,20
ENSG00000144891,MONDO_0005300,known_drug,0.913,33
ENSG00000144891,MONDO_0005300,literature,0.7375,197
ENSG00000148737,MONDO_0005300,genetic_association,0.7994,9
ENSG00000148737,MONDO_0005300,literature,0.3137,12
ENSG00000151623,MONDO_0005300,known_drug,0.9466,50
ENSG00000151623,MONDO_0005300,literature,0.7367,873
ENSG00000166415,MONDO_0005300,genetic_association,0.8704,8
ENSG00000166415,MONDO_0005300,literature,0.1133,4
ENSG00000169344,MONDO_0005300,genetic_association,0.7337,33
ENSG00000169344,MONDO_0005300,literature,0.9467,303
ENSG00000171368,MONDO_0005300,genetic_association,0.7496,5
ENSG00000171368,MONDO_0005300,literature,0.1862,4
ENSG00000178467,MONDO_0005300,known_drug,0.8051,12
ENSG00000178467,MONDO_0005300,literature,0.0122,1
ENSG00000178467,MONDO_0005300,rna_expression,0.0407,1
ENSG00000187266,MONDO_0005300,known_drug,0.9841,80
ENSG00000187266,MONDO_0005300,literature,0.4698,76
ENSG00000187266,MONDO_0005300,rna_expression,0.0481,1
ENSG00000198690,MONDO_0005300,genetic_literature,0.7604,2
ENSG00000198690,MONDO_0005300,literature,0.1275,14
ENSG00000269858,MONDO_0005300,known_drug,0.9196,26
ENSG00000269858,MONDO_0005300,literature,0.0673,6
ENSG00000026559,MONDO_0005301,known_drug,0.9704,41
ENSG00000053918,MONDO_0005301,animal_model,0.2841,1
ENSG00000053918,MONDO_0005301,known_drug,0.9704,41
ENSG00000055118,MONDO_0005301,known_drug,0.9704,41
ENSG00000055118,MONDO_0005301,literature,0.0182,1
ENSG00000067182,MONDO_0005301,genetic_association,0.8139,8
ENSG00000067182,MONDO_0005301,genetic_literature,0.6083,1
ENSG00000067182,MONDO_0005301,literature,0.1888,88
ENSG00000079999,MONDO_0005301,genetic_association,0.248,2
ENSG00000079999,MONDO_0005301,known_drug,0.9833,76
ENSG00000079999,MONDO_0005301,literature,0.0772,28
ENSG00000102967,MONDO_0005301,known_drug,0.9672,48
ENSG00000102967,MONDO_0005301,literature,0.1357,48
ENSG00000111262,MONDO_0005301,animal_model,0.2849,1
ENSG00000111262,MONDO_0005301,known_drug,0.9704,41
ENSG00000111262,MONDO_0005301,literature,0.0699,7
ENSG00000113161,MONDO_0005301,affected_pathway,0.806,3
ENSG00000113161,MONDO_0005301,known_drug,0.6447,16
ENSG00000113161,MONDO_0005301,literature,0.154,17
ENSG00000113580,MONDO_0005301,affected_pathway,0.4987,1
ENSG00000113580,MONDO_0005301,known_drug,0.9886,139
ENSG00000113580,MONDO_0005301,literature,0.4686,26
ENSG00000115232,MONDO_0005301,known_drug,0.9791,66
ENSG00000115232,MONDO_0005301,literature,0.1552,47
ENSG00000125910,MONDO_0005301,known_drug,0.9846,62
ENSG00000125910,MONDO_0005301,literature,0.0213,2
ENSG00000130037,MONDO_0005301,known_drug,0.9704,41
ENSG00000130037,MONDO_0005301,literature,0.0122,1
ENSG00000134460,MONDO_0005301,genetic_association,0.6713,7
ENSG00000134460,MONDO_0005301,known_drug,0.8675,15
ENSG00000134460,MONDO_0005301,literature,0.3466,119
ENSG00000139626,MONDO_0005301,known_drug,0.979,63
ENSG00000142166,MONDO_0005301,known_drug,0.9885,166
ENSG00000142166,MONDO_0005301,literature,0.1615,13
ENSG00000150093,MONDO_0005301,known_drug,0.979,63
ENSG00000150093,MONDO_0005301,literature,0.0873,7
ENSG00000156738,MONDO_0005301,known_drug,0.9841,150
ENSG00000156738,MONDO_0005301,literature,0.1819,18
ENSG00000159110,MONDO_0005301,known_drug,0.9885,166
ENSG00000159110,MONDO_0005301,literature,0.1072,12
ENSG00000170989,MONDO_0005301,known_drug,0.9879,101
ENSG00000170989,MONDO_0005301,literature,0.21,319
ENSG00000171126,MONDO_0005301,known_drug,0.9704,41
ENSG00000171385,MONDO_0005301,known_drug,0.9704,41
ENSG00000171385,MONDO_0005301,literature,0.0265,5
ENSG00000177272,MONDO_0005301,known_drug,0.9704,41
ENSG00000177272,MONDO_0005301,literature,0.2568,145
ENSG00000177301,MONDO_0005301,known_drug,0.9704,41
ENSG00000177301,MONDO_0005301,literature,0.0304,1
ENSG00000180739,MONDO_0005301,genetic_association,0.0436,2
ENSG00000180739,MONDO_0005301,known_drug,0.9866,78
ENSG00000180739,MONDO_0005301,literature,0.047,17
ENSG00000182255,MONDO_0005301,known_drug,0.9704,41
ENSG00000182255,MONDO_0005301,literature,0.037,3
ENSG00000183960,MONDO_0005301,genetic_association,0.0904,1
ENSG00000183960,MONDO_0005301,known_drug,0.9704,41
ENSG00000184611,MONDO_0005301,known_drug,0.9704,41
ENSG00000184611,MONDO_0005301,literature,0.0943,2
ENSG00000185760,MONDO_0005301,known_drug,0.9704,41
ENSG00000185760,MONDO_0005301,literature,0.0654,2
ENSG00000213694,MONDO_0005301,known_drug,0.9846,62
ENSG00000213694,MONDO_0005301,literature,0.0734,10
ENSG00000267534,MONDO_0005301,known_drug,0.9846,62
ENSG00000267534,MONDO_0005301,literature,0.1421,18
ENSG00000012048,MONDO_0005494,genetic_association,0.7452,3
ENSG00000012048,MONDO_0005494,literature,0.7865,935
ENSG00000014138,MONDO_0005494,known_drug,0.6639,29
ENSG00000062822,MONDO_0005494,known_drug,0.6639,29
ENSG00000062822,MONDO_0005494,literature,0.0274,2
ENSG00000101162,MONDO_0005494,known_drug,0.6913,233
ENSG00000103460,MONDO_0005494,genetic_association,0.6826,2
ENSG00000103460,MONDO_0005494,literature,0.0213,2
ENSG00000104833,MONDO_0005494,known_drug,0.6913,233
ENSG00000106628,MONDO_0005494,known_drug,0.6639,29
ENSG00000106628,MONDO_0005494,literature,0.0669,2
ENSG00000120217,MONDO_0005494,known_drug,0.6754,75
ENSG00000120217,MONDO_0005494,literature,0.3548,1353
ENSG00000123416,MONDO_0005494,known_drug,0.6913,233
ENSG00000123416,MONDO_0005494,literature,0.0122,1
ENSG00000127824,MONDO_0005494,known_drug,0.6913,233
ENSG00000137267,MONDO_0005494,known_drug,0.6913,233
ENSG00000137267,MONDO_0005494,literature,0.0608,1
ENSG00000137285,MONDO_0005494,known_drug,0.6913,233
ENSG00000137285,MONDO_0005494,literature,0.0973,1
ENSG00000140718,MONDO_0005494,genetic_association,0.7952,3
ENSG00000140718,MONDO_0005494,literature,0.1646,12
ENSG00000148737,MONDO_0005494,genetic_association,0.6864,3
ENSG00000148737,MONDO_0005494,literature,0.0608,1
ENSG00000152086,MONDO_0005494,known_drug,0.6913,233
ENSG00000164362,MONDO_0005494,genetic_association,0.6746,5
ENSG00000164362,MONDO_0005494,literature,0.0778,8
ENSG00000167325,MONDO_0005494,known_drug,0.6639,29
ENSG00000167325,MONDO_0005494,literature,0.0122,1
ENSG00000167552,MONDO_0005494,known_drug,0.6913,233
ENSG00000167553,MONDO_0005494,known_drug,0.6913,233
ENSG00000167553,MONDO_0005494,literature,0.0243,1
ENSG00000171848,MONDO_0005494,known_drug,0.6639,29
ENSG00000171848,MONDO_0005494,literature,0.0416,6
ENSG00000176014,MONDO_0005494,known_drug,0.6913,233
ENSG00000176014,MONDO_0005494,literature,0.0122,1
ENSG00000176890,MONDO_0005494,known_drug,0.6765,42
ENSG00000176890,MONDO_0005494,literature,0.1004,9
ENSG00000184292,MONDO_0005494,known_drug,0.8962,43
ENSG00000184292,MONDO_0005494,literature,0.2113,170
ENSG00000188229,MONDO_0005494,known_drug,0.6913,233
ENSG00000188389,MONDO_0005494,known_drug,0.6848,182
ENSG00000188389,MONDO_0005494,literature,0.2367,275
ENSG00000196230,MONDO_0005494,known_drug,0.6913,233
ENSG00000198033,MONDO_0005494,known_drug,0.6913,233
ENSG00000198900,MONDO_0005494,known_drug,0.8967,54
ENSG00000198900,MONDO_0005494,literature,0.0412,4
ENSG00000258947,MONDO_0005494,known_drug,0.6913,233
ENSG00000258947,MONDO_0005494,literature,0.089,6
ENSG00000261456,MONDO_0005494,known_drug,0.6913,233
ENSG00000037280,MONDO_0005575,genetic_association,0.0122,1
ENSG00000037280,MONDO_0005575,known_drug,0.9643,296
ENSG00000037280,MONDO_0005575,literature,0.4692,53
ENSG00000062822,MONDO_0005575,genetic_association,0.6355,7
ENSG00000062822,MONDO_0005575,genetic_literature,0.784,4
ENSG00000062822,MONDO_0005575,known_drug,0.1948,29
ENSG00000062822,MONDO_0005575,literature,0.2574,109
ENSG00000066468,MONDO_0005575,genetic_association,0.7089,4
ENSG00000066468,MONDO_0005575,known_drug,0.9462,121
ENSG00000066468,MONDO_0005575,literature,0.5711,80
ENSG00000066468,MONDO_0005575,rna_expression,0.0347,1
ENSG00000068078,MONDO_0005575,genetic_association,0.8866,26
ENSG00000068078,MONDO_0005575,known_drug,0.8011,23
ENSG00000068078,MONDO_0005575,literature,0.1753,42
ENSG00000076242,MONDO_0005575,genetic_association,0.8543,27
ENSG00000076242,MONDO_0005575,genetic_literature,0.6083,2
ENSG00000076242,MONDO_0005575,literature,0.8699,1246
ENSG00000077782,MONDO_0005575,known_drug,0.9462,129
ENSG00000077782,MONDO_0005575,literature,0.3817,54
ENSG00000077782,MONDO_0005575,rna_expression,0.1281,1
ENSG00000095002,MONDO_0005575,animal_model,0.4211,1
ENSG00000095002,MONDO_0005575,genetic_association,0.7533,25
ENSG00000095002,MONDO_0005575,genetic_literature,0.5475,2
ENSG00000095002,MONDO_0005575,literature,0.4401,792
ENSG00000095002,MONDO_0005575,rna_expression,0.1393,3
ENSG00000102755,MONDO_0005575,known_drug,0.9638,285
ENSG00000102755,MONDO_0005575,literature,0.2732,75
ENSG00000112715,MONDO_0005575,known_drug,0.973,489
ENSG00000112715,MONDO_0005575,literature,0.9096,1831
ENSG00000112715,MONDO_0005575,rna_expression,0.0436,1
ENSG00000113721,MONDO_0005575,known_drug,0.9523,186
ENSG00000113721,MONDO_0005575,literature,0.4216,65
ENSG00000113721,MONDO_0005575,rna_expression,0.0129,1
ENSG00000116062,MONDO_0005575,genetic_association,0.9044,46
ENSG00000116062,MONDO_0005575,genetic_literature,0.6083,2
ENSG00000116062,MONDO_0005575,literature,0.2609,447
ENSG00000116062,MONDO_0005575,rna_expression,0.057,1
ENSG00000119684,MONDO_0005575,genetic_association,0.8376,170
ENSG00000119684,MONDO_0005575,genetic_literature,0.6083,1
ENSG00000119684,MONDO_0005575,literature,0.1687,27
ENSG00000121879,MONDO_0005575,genetic_association,0.751,29
ENSG00000121879,MONDO_0005575,genetic_literature,0.3041,1
ENSG00000121879,MONDO_0005575,known_drug,0.1853,20
ENSG00000121879,MONDO_0005575,literature,0.9459,1009
ENSG00000121879,MONDO_0005575,somatic_mutation,0.5596,1
ENSG00000128052,MONDO_0005575,known_drug,0.9652,334
ENSG00000128052,MONDO_0005575,literature,0.3691,281
ENSG00000128052,MONDO_0005575,rna_expression,0.0272,2
ENSG00000132781,MONDO_0005575,genetic_association,0.7604,3
ENSG00000132781,MONDO_0005575,genetic_literature,0.6636,4
ENSG00000132781,MONDO_0005575,literature,0.3389,320
ENSG00000133030,MONDO_0005575,genetic_association,0.8813,85
ENSG00000134853,MONDO_0005575,animal_model,0.3965,1
ENSG00000134853,MONDO_0005575,known_drug,0.9514,150
ENSG00000134853,MONDO_0005575,literature,0.3996,37
ENSG00000134982,MONDO_0005575,animal_model,0.7523,41
ENSG00000134982,MONDO_0005575,genetic_association,0.8291,201
ENSG00000134982,MONDO_0005575,genetic_literature,0.6083,1
ENSG00000134982,MONDO_0005575,literature,0.8963,2644
ENSG00000141510,MONDO_0005575,animal_model,0.5311,20
ENSG00000141510,MONDO_0005575,genetic_association,0.9144,49
ENSG00000141510,MONDO_0005575,genetic_literature,0.828,3
ENSG00000141510,MONDO_0005575,known_drug,0.1065,2
ENSG00000141510,MONDO_0005575,literature,0.9691,4318
ENSG00000141510,MONDO_0005575,somatic_mutation,0.8345,7
ENSG00000142627,MONDO_0005575,known_drug,0.9362,115
ENSG00000142627,MONDO_0005575,literature,0.7818,73
ENSG00000142627,MONDO_0005575,rna_expression,0.0329,1
ENSG00000146648,MONDO_0005575,known_drug,0.9642,532
ENSG00000146648,MONDO_0005575,literature,0.9324,4225
ENSG00000149311,MONDO_0005575,genetic_association,0.8165,5
ENSG00000149311,MONDO_0005575,literature,0.7592,198
ENSG00000149311,MONDO_0005575,somatic_mutation,0.5475,1
ENSG00000157404,MONDO_0005575,animal_model,0.4226,1
ENSG00000157404,MONDO_0005575,known_drug,0.945,182
ENSG00000157404,MONDO_0005575,literature,0.5266,99
ENSG00000157764,MONDO_0005575,animal_model,0.3139,1
ENSG00000157764,MONDO_0005575,genetic_association,0.771,86
ENSG00000157764,MONDO_0005575,genetic_literature,0.3041,1
ENSG00000157764,MONDO_0005575,known_drug,0.94,166
ENSG00000157764,MONDO_0005575,literature,0.9673,2927
ENSG00000165731,MONDO_0005575,animal_model,0.3518,1
ENSG00000165731,MONDO_0005575,genetic_association,0.5475,1
ENSG00000165731,MONDO_0005575,known_drug,0.9377,140
ENSG00000165731,MONDO_0005575,literature,0.6841,81
ENSG00000168036,MONDO_0005575,animal_model,0.5557,2
ENSG00000168036,MONDO_0005575,genetic_association,0.7784,18
ENSG00000168036,MONDO_0005575,genetic_literature,0.3041,1
ENSG00000168036,MONDO_0005575,known_drug,0.1217,1
ENSG00000168036,MONDO_0005575,literature,0.4515,706
ENSG00000168646,MONDO_0005575,genetic_association,0.869,351
ENSG00000168646,MONDO_0005575,genetic_literature,0.6083,1
ENSG00000168646,MONDO_0005575,literature,0.7441,160
ENSG00000168646,MONDO_0005575,rna_expression,0.2462,4
ENSG00000176890,MONDO_0005575,known_drug,0.9642,1021
ENSG00000176890,MONDO_0005575,literature,0.7841,549
ENSG00000177084,MONDO_0005575,genetic_association,0.7504,10
ENSG00000177084,MONDO_0005575,genetic_literature,0.828,3
ENSG00000177084,MONDO_0005575,known_drug,0.1948,29
ENSG00000177084,MONDO_0005575,literature,0.7419,225
ENSG00000213281,MONDO_0005575,genetic_association,0.8553,9
ENSG00000213281,MONDO_0005575,genetic_literature,0.6083,1
ENSG00000213281,MONDO_0005575,literature,0.5298,467
ENSG00000012048,MONDO_0005590,genetic_association,0.1825,1
ENSG00000012048,MONDO_0005590,literature,0.2341,37
ENSG00000012048,MONDO_0005590,somatic_mutation,0.6083,1
ENSG00000018408,MONDO_0005590,literature,0.0608,1
ENSG00000018408,MONDO_0005590,somatic_mutation,0.6083,1
ENSG00000070371,MONDO_0005590,literature,0.0639,2
ENSG00000070371,MONDO_0005590,somatic_mutation,0.6083,1
ENSG00000079805,MONDO_0005590,literature,0.0684,2
ENSG00000079805,MONDO_0005590,somatic_mutation,0.6083,1
ENSG00000083093,MONDO_0005590,literature,0.0365,1
ENSG00000083093,MONDO_0005590,somatic_mutation,0.6083,1
ENSG00000091831,MONDO_0005590,known_drug,0.1217,1
ENSG00000091831,MONDO_0005590,literature,0.4897,259
ENSG00000091831,MONDO_0005590,somatic_mutation,0.6083,1
ENSG00000100030,MONDO_0005590,literature,0.0365,1
ENSG00000100030,MONDO_0005590,somatic_mutation,0.6083,1
ENSG00000100644,MONDO_0005590,literature,0.1406,8
ENSG00000100644,MONDO_0005590,somatic_mutation,0.6083,1
ENSG00000107485,MONDO_0005590,literature,0.0996,13
ENSG00000107485,MONDO_0005590,somatic_mutation,0.6083,1
ENSG00000114861,MONDO_0005590,literature,0.0304,1
ENSG00000114861,MONDO_0005590,somatic_mutation,0.6083,1
ENSG00000118689,MONDO_0005590,literature,0.1916,2
ENSG00000118689,MONDO_0005590,somatic_mutation,0.6083,1
ENSG00000121879,MONDO_0005590,literature,0.1015,19
ENSG00000121879,MONDO_0005590,somatic_mutation,0.6083,1
ENSG00000129514,MONDO_0005590,literature,0.0515,3
ENSG00000129514,MONDO_0005590,somatic_mutation,0.6083,1
ENSG00000133818,MONDO_0005590,literature,0.0456,2
ENSG00000133818,MONDO_0005590,somatic_mutation,0.6083,1
ENSG00000135679,MONDO_0005590,literature,0.0686,4
ENSG00000135679,MONDO_0005590,somatic_mutation,0.6083,1
ENSG00000138795,MONDO_0005590,literature,0.1399,1
ENSG00000138795,MONDO_0005590,somatic_mutation,0.6083,1
ENSG00000139618,MONDO_0005590,genetic_association,0.2281,2
ENSG00000139618,MONDO_0005590,literature,0.1053,18
ENSG00000139618,MONDO_0005590,somatic_mutation,0.6083,1
ENSG00000141510,MONDO_0005590,literature,0.14,80
ENSG00000141510,MONDO_0005590,somatic_mutation,0.6083,1
ENSG00000141736,MONDO_0005590,literature,0.3412,336
ENSG00000141736,MONDO_0005590,somatic_mutation,0.6083,1
ENSG00000142208,MONDO_0005590,literature,0.1637,7
ENSG00000142208,MONDO_0005590,somatic_mutation,0.6083,1
ENSG00000147050,MONDO_0005590,literature,0.0304,1
ENSG00000147050,MONDO_0005590,somatic_mutation,0.6083,1
ENSG00000156970,MONDO_0005590,literature,0.0667,3
ENSG00000156970,MONDO_0005590,somatic_mutation,0.6083,1
ENSG00000157168,MONDO_0005590,literature,0.0639,2
ENSG00000157168,MONDO_0005590,somatic_mutation,0.6083,1
ENSG00000160007,MONDO_0005590,somatic_mutation,0.5231,2
ENSG00000164362,MONDO_0005590,literature,0.0304,1
ENSG00000164362,MONDO_0005590,somatic_mutation,0.6083,1
ENSG00000165025,MONDO_0005590,literature,0.0304,1
ENSG00000165025,MONDO_0005590,somatic_mutation,0.6083,1
ENSG00000169083,MONDO_0005590,literature,0.0952,34
ENSG00000169083,MONDO_0005590,somatic_mutation,0.6083,1
ENSG00000171791,MONDO_0005590,literature,0.1162,19
ENSG00000171791,MONDO_0005590,somatic_mutation,0.6083,1
ENSG00000171862,MONDO_0005590,literature,0.0941,8
ENSG00000171862,MONDO_0005590,somatic_mutation,0.6083,1
ENSG00000189283,MONDO_0005590,literature,0.0659,3
ENSG00000189283,MONDO_0005590,somatic_mutation,0.6083,1
ENSG00000072121,MONDO_0005628,genetic_association,0.1147,1
ENSG00000091831,MONDO_0005628,genetic_association,0.3576,1
ENSG00000091831,MONDO_0005628,known_drug,0.6083,1
ENSG00000091831,MONDO_0005628,literature,0.1473,21
ENSG00000103460,MONDO_0005628,genetic_association,0.5494,1
ENSG00000110092,MONDO_0005628,genetic_association,0.2737,1
ENSG00000110092,MONDO_0005628,literature,0.0122,1
ENSG00000182185,MONDO_0005628,genetic_association,0.4035,1
ENSG00000182185,MONDO_0005628,literature,0.0182,1
ENSG00000012048,MONDO_0006043,literature,0.099,6
ENSG00000012048,MONDO_0006043,somatic_mutation,0.4562,1
ENSG00000039068,MONDO_0006043,literature,0.0378,4
ENSG00000039068,MONDO_0006043,somatic_mutation,0.4562,1
ENSG00000073282,MONDO_0006043,literature,0.0667,3
ENSG00000073282,MONDO_0006043,somatic_mutation,0.4562,1
ENSG00000085185,MONDO_0006043,somatic_mutation,0.4562,1
ENSG00000091831,MONDO_0006043,literature,0.043,15
ENSG00000091831,MONDO_0006043,somatic_mutation,0.4562,1
ENSG00000100393,MONDO_0006043,literature,0.0182,1
ENSG00000100393,MONDO_0006043,somatic_mutation,0.4562,1
ENSG00000104517,MONDO_0006043,somatic_mutation,0.4562,1
ENSG00000109685,MONDO_0006043,literature,0.0608,1
ENSG00000109685,MONDO_0006043,somatic_mutation,0.4562,1
ENSG00000113360,MONDO_0006043,somatic_mutation,0.4562,1
ENSG00000117713,MONDO_0006043,literature,0.0122,1
ENSG00000117713,MONDO_0006043,somatic_mutation,0.4562,1
ENSG00000121879,MONDO_0006043,known_drug,0.1217,1
ENSG00000121879,MONDO_0006043,literature,0.0182,1
ENSG00000121879,MONDO_0006043,somatic_mutation,0.6083,1
ENSG00000127329,MONDO_0006043,somatic_mutation,0.4562,1
ENSG00000127616,MONDO_0006043,literature,0.0182,1
ENSG00000127616,MONDO_0006043,somatic_mutation,0.4562,1
ENSG00000133703,MONDO_0006043,literature,0.0182,1
ENSG00000133703,MONDO_0006043,somatic_mutation,0.4562,1
ENSG00000134982,MONDO_0006043,literature,0.0411,2
ENSG00000134982,MONDO_0006043,somatic_mutation,0.4562,1
ENSG00000141510,MONDO_0006043,literature,0.0788,4
ENSG00000141510,MONDO_0006043,somatic_mutation,0.6083,1
ENSG00000142208,MONDO_0006043,literature,0.0182,1
ENSG00000142208,MONDO_0006043,somatic_mutation,0.4562,1
ENSG00000145675,MONDO_0006043,literature,0.0304,1
ENSG00000145675,MONDO_0006043,somatic_mutation,0.4562,1
ENSG00000146648,MONDO_0006043,literature,0.0726,5
ENSG00000146648,MONDO_0006043,somatic_mutation,0.4562,1
ENSG00000147889,MONDO_0006043,literature,0.0304,1
ENSG00000147889,MONDO_0006043,somatic_mutation,0.4562,1
ENSG00000157404,MONDO_0006043,literature,0.0182,1
ENSG00000157404,MONDO_0006043,somatic_mutation,0.4562,1
ENSG00000157764,MONDO_0006043,literature,0.0608,1
ENSG00000157764,MONDO_0006043,somatic_mutation,0.4562,1
ENSG00000158169,MONDO_0006043,somatic_mutation,0.4562,1
ENSG00000163939,MONDO_0006043,literature,0.0304,1
ENSG00000163939,MONDO_0006043,somatic_mutation,0.4562,1
ENSG00000168036,MONDO_0006043,literature,0.0213,2
ENSG00000168036,MONDO_0006043,somatic_mutation,0.4562,1
ENSG00000169083,MONDO_0006043,literature,0.0304,1
ENSG00000169083,MONDO_0006043,somatic_mutation,0.4562,1
ENSG00000171862,MONDO_0006043,literature,0.0182,1
ENSG00000171862,MONDO_0006043,somatic_mutation,0.4562,1
ENSG00000184634,MONDO_0006043,somatic_mutation,0.4562,1
ENSG00000198793,MONDO_0006043,literature,0.0182,1
ENSG00000198793,MONDO_0006043,somatic_mutation,0.4562,1
ENSG00000198795,MONDO_0006043,somatic_mutation,0.4562,1
ENSG00000039068,MONDO_0006098,literature,0.0432,7
ENSG00000039068,MONDO_0006098,somatic_mutation,0.3041,1
ENSG00000121879,MONDO_0006098,literature,0.0182,1
ENSG00000121879,MONDO_0006098,somatic_mutation,0.4562,1
ENSG00000010671,MONDO_0006116,somatic_mutation,0.4562,1
ENSG00000039068,MONDO_0006116,somatic_mutation,0.6083,1
ENSG00000055609,MONDO_0006116,somatic_mutation,0.6083,1
ENSG00000065559,MONDO_0006116,somatic_mutation,0.6083,1
ENSG00000079432,MONDO_0006116,somatic_mutation,0.4562,1
ENSG00000082898,MONDO_0006116,somatic_mutation,0.4562,1
ENSG00000091831,MONDO_0006116,somatic_mutation,0.6083,1
ENSG00000095015,MONDO_0006116,somatic_mutation,0.6083,1
ENSG00000105976,MONDO_0006116,somatic_mutation,0.4562,1
ENSG00000107485,MONDO_0006116,somatic_mutation,0.6083,1
ENSG00000111642,MONDO_0006116,somatic_mutation,0.4562,1
ENSG00000113916,MONDO_0006116,somatic_mutation,0.4562,1
ENSG00000114861,MONDO_0006116,somatic_mutation,0.4562,1
ENSG00000121879,MONDO_0006116,somatic_mutation,0.6083,1
ENSG00000122025,MONDO_0006116,somatic_mutation,0.4562,1
ENSG00000129514,MONDO_0006116,somatic_mutation,0.6083,1
ENSG00000134352,MONDO_0006116,somatic_mutation,0.4562,1
ENSG00000135111,MONDO_0006116,somatic_mutation,0.6083,1
ENSG00000140538,MONDO_0006116,somatic_mutation,0.4562,1
ENSG00000141027,MONDO_0006116,somatic_mutation,0.6083,1
ENSG00000142208,MONDO_0006116,somatic_mutation,0.6083,1
ENSG00000144218,MONDO_0006116,somatic_mutation,0.4562,1
ENSG00000157388,MONDO_0006116,somatic_mutation,0.4562,1
ENSG00000162733,MONDO_0006116,somatic_mutation,0.4562,1
ENSG00000165025,MONDO_0006116,somatic_mutation,0.4562,1
ENSG00000165699,MONDO_0006116,somatic_mutation,0.4562,1
ENSG00000168702,MONDO_0006116,somatic_mutation,0.4562,1
ENSG00000175643,MONDO_0006116,somatic_mutation,0.4562,1
ENSG00000245848,MONDO_0006116,somatic_mutation,0.4562,1
ENSG00000257923,MONDO_0006116,somatic_mutation,0.4562,1
ENSG00000005339,MONDO_0006117,somatic_mutation,0.4562,1
ENSG00000007312,MONDO_0006117,literature,0.0838,6
ENSG00000007312,MONDO_0006117,somatic_mutation,0.6083,1
ENSG00000057657,MONDO_0006117,literature,0.073,1
ENSG00000057657,MONDO_0006117,somatic_mutation,0.4562,1
ENSG00000085185,MONDO_0006117,somatic_mutation,0.3041,1
ENSG00000106483,MONDO_0006117,somatic_mutation,0.3041,1
ENSG00000112081,MONDO_0006117,somatic_mutation,0.3041,1
ENSG00000118503,MONDO_0006117,somatic_mutation,0.4562,1
ENSG00000149311,MONDO_0006117,somatic_mutation,0.4562,1
ENSG00000157764,MONDO_0006117,somatic_mutation,0.3041,1
ENSG00000167548,MONDO_0006117,somatic_mutation,0.4562,1
ENSG00000168610,MONDO_0006117,somatic_mutation,0.3041,1
ENSG00000171735,MONDO_0006117,somatic_mutation,0.3041,1
ENSG00000171791,MONDO_0006117,literature,0.0683,3
ENSG00000171791,MONDO_0006117,somatic_mutation,0.3041,1
ENSG00000172936,MONDO_0006117,literature,0.0822,10
ENSG00000172936,MONDO_0006117,somatic_mutation,0.6083,1
ENSG00000173821,MONDO_0006117,somatic_mutation,0.1521,1
ENSG00000181143,MONDO_0006117,somatic_mutation,0.1521,1
ENSG00000198286,MONDO_0006117,somatic_mutation,0.4562,1
ENSG00000039068,MONDO_0006184,somatic_mutation,0.3041,1
ENSG00000018408,MONDO_0006244,somatic_mutation,0.6083,1
ENSG00000046889,MONDO_0006244,somatic_mutation,0.6083,1
ENSG00000049618,MONDO_0006244,somatic_mutation,0.6083,1
ENSG00000085276,MONDO_0006244,somatic_mutation,0.6083,1
ENSG00000091831,MONDO_0006244,genetic_association,0.5606,2
ENSG00000091831,MONDO_0006244,known_drug,0.0912,1
ENSG00000091831,MONDO_0006244,somatic_mutation,0.6083,1
ENSG00000101096,MONDO_0006244,somatic_mutation,0.6083,1
ENSG00000105810,MONDO_0006244,known_drug,0.1603,4
ENSG00000105810,MONDO_0006244,somatic_mutation,0.6083,1
ENSG00000115170,MONDO_0006244,somatic_mutation,0.6083,1
ENSG00000121879,MONDO_0006244,known_drug,0.0912,1
ENSG00000121879,MONDO_0006244,somatic_mutation,0.6083,1
ENSG00000127946,MONDO_0006244,somatic_mutation,0.6083,1
ENSG00000134371,MONDO_0006244,somatic_mutation,0.6083,1
ENSG00000136492,MONDO_0006244,somatic_mutation,0.6083,1
ENSG00000136754,MONDO_0006244,somatic_mutation,0.6083,1
ENSG00000141510,MONDO_0006244,literature,0.0122,1
ENSG00000141510,MONDO_0006244,somatic_mutation,0.6083,1
ENSG00000141736,MONDO_0006244,known_drug,0.9071,15
ENSG00000141736,MONDO_0006244,somatic_mutation,0.4562,1
ENSG00000145012,MONDO_0006244,somatic_mutation,0.6083,1
ENSG00000147257,MONDO_0006244,somatic_mutation,0.6083,1
ENSG00000152894,MONDO_0006244,somatic_mutation,0.6083,1
ENSG00000153944,MONDO_0006244,somatic_mutation,0.6083,1
ENSG00000161405,MONDO_0006244,somatic_mutation,0.6083,1
ENSG00000163629,MONDO_0006244,somatic_mutation,0.6083,1
ENSG00000169083,MONDO_0006244,somatic_mutation,0.6083,1
ENSG00000178105,MONDO_0006244,somatic_mutation,0.6083,1
ENSG00000182185,MONDO_0006244,somatic_mutation,0.6083,1
ENSG00000183337,MONDO_0006244,somatic_mutation,0.6083,1
ENSG00000183454,MONDO_0006244,somatic_mutation,0.6083,1
ENSG00000184384,MONDO_0006244,somatic_mutation,0.6083,1
ENSG00000196498,MONDO_0006244,somatic_mutation,0.6083,1
ENSG00000197157,MONDO_0006244,somatic_mutation,0.6083,1
ENSG00000198900,MONDO_0006244,known_drug,0.6546,4
ENSG00000198900,MONDO_0006244,somatic_mutation,0.3041,1
ENSG00000012048,MONDO_0006256,literature,0.2689,246
ENSG00000012048,MONDO_0006256,somatic_mutation,0.4562,1
ENSG00000039068,MONDO_0006256,literature,0.2207,139
ENSG00000039068,MONDO_0006256,somatic_mutation,0.6083,1
ENSG00000065559,MONDO_0006256,literature,0.0682,4
ENSG00000065559,MONDO_0006256,somatic_mutation,0.6083,1
ENSG00000095015,MONDO_0006256,literature,0.1106,4
ENSG00000095015,MONDO_0006256,somatic_mutation,0.6083,1
ENSG00000101162,MONDO_0006256,known_drug,0.5534,4
ENSG00000104833,MONDO_0006256,known_drug,0.5534,4
ENSG00000107485,MONDO_0006256,literature,0.2357,51
ENSG00000107485,MONDO_0006256,somatic_mutation,0.6083,1
ENSG00000111276,MONDO_0006256,literature,0.1421,8
ENSG00000111276,MONDO_0006256,somatic_mutation,0.6083,1
ENSG00000117713,MONDO_0006256,literature,0.1952,8
ENSG00000117713,MONDO_0006256,somatic_mutation,0.4562,1
ENSG00000121879,MONDO_0006256,literature,0.6722,81
ENSG00000121879,MONDO_0006256,somatic_mutation,0.6083,1
ENSG00000123416,MONDO_0006256,known_drug,0.5534,4
ENSG00000123416,MONDO_0006256,literature,0.0608,1
ENSG00000127824,MONDO_0006256,known_drug,0.5534,4
ENSG00000131747,MONDO_0006256,known_drug,0.4697,3
ENSG00000131747,MONDO_0006256,literature,0.1231,24
ENSG00000134982,MONDO_0006256,literature,0.2739,9
ENSG00000134982,MONDO_0006256,somatic_mutation,0.4562,1
ENSG00000137267,MONDO_0006256,known_drug,0.5534,4
ENSG00000137285,MONDO_0006256,known_drug,0.5534,4
ENSG00000139687,MONDO_0006256,literature,0.2019,24
ENSG00000139687,MONDO_0006256,somatic_mutation,0.4562,1
ENSG00000141510,MONDO_0006256,literature,0.6051,269
ENSG00000141510,MONDO_0006256,somatic_mutation,0.6083,1
ENSG00000141736,MONDO_0006256,known_drug,0.4562,2
ENSG00000141736,MONDO_0006256,literature,0.8479,2229
ENSG00000141736,MONDO_0006256,somatic_mutation,0.4562,1
ENSG00000147889,MONDO_0006256,literature,0.2756,25
ENSG00000147889,MONDO_0006256,somatic_mutation,0.4562,1
ENSG00000152086,MONDO_0006256,known_drug,0.5534,4
ENSG00000167552,MONDO_0006256,known_drug,0.5534,4
ENSG00000167553,MONDO_0006256,known_drug,0.5534,4
ENSG00000167553,MONDO_0006256,literature,0.0684,2
ENSG00000171862,MONDO_0006256,literature,0.1921,44
ENSG00000171862,MONDO_0006256,somatic_mutation,0.4562,1
ENSG00000176014,MONDO_0006256,known_drug,0.5534,4
ENSG00000188229,MONDO_0006256,known_drug,0.5534,4
ENSG00000196230,MONDO_0006256,known_drug,0.5534,4
ENSG00000198033,MONDO_0006256,known_drug,0.5534,4
ENSG00000258947,MONDO_0006256,known_drug,0.5534,4
ENSG00000258947,MONDO_0006256,literature,0.0122,1
ENSG00000261456,MONDO_0006256,known_drug,0.5534,4
ENSG00000039068,MONDO_0006270,literature,0.4368,55
ENSG00000039068,MONDO_0006270,somatic_mutation,0.6083,1
ENSG00000083093,MONDO_0006270,genetic_association,0.4072,5
ENSG00000083093,MONDO_0006270,literature,0.0304,1
ENSG00000107882,MONDO_0006270,somatic_mutation,0.3041,1
ENSG00000119772,MONDO_0006270,somatic_mutation,0.3041,1
ENSG00000121879,MONDO_0006270,literature,0.0471,2
ENSG00000121879,MONDO_0006270,somatic_mutation,0.4562,1
ENSG00000139618,MONDO_0006270,genetic_association,0.4923,3
ENSG00000139618,MONDO_0006270,literature,0.1063,8
ENSG00000145675,MONDO_0006270,somatic_mutation,0.4562,1
ENSG00000183765,MONDO_0006270,genetic_association,0.3351,1
ENSG00000183765,MONDO_0006270,literature,0.0479,4
ENSG00000005339,MONDO_0006306,somatic_mutation,0.4562,1
ENSG00000006468,MONDO_0006306,somatic_mutation,0.4562,1
ENSG00000019991,MONDO_0006306,somatic_mutation,0.4562,1
ENSG00000039068,MONDO_0006306,literature,0.0122,1
ENSG00000039068,MONDO_0006306,somatic_mutation,0.6083,1
ENSG00000055609,MONDO_0006306,somatic_mutation,0.4562,1
ENSG00000083093,MONDO_0006306,somatic_mutation,0.4562,1
ENSG00000103197,MONDO_0006306,somatic_mutation,0.4562,1
ENSG00000105221,MONDO_0006306,somatic_mutation,0.4562,1
ENSG00000105568,MONDO_0006306,somatic_mutation,0.4562,1
ENSG00000105976,MONDO_0006306,somatic_mutation,0.4562,1
ENSG00000117713,MONDO_0006306,somatic_mutation,0.4562,1
ENSG00000119535,MONDO_0006306,somatic_mutation,0.4562,1
ENSG00000121879,MONDO_0006306,somatic_mutation,0.6083,1
ENSG00000122566,MONDO_0006306,somatic_mutation,0.4562,1
ENSG00000126934,MONDO_0006306,somatic_mutation,0.4562,1
ENSG00000129204,MONDO_0006306,somatic_mutation,0.4562,1
ENSG00000129514,MONDO_0006306,somatic_mutation,0.6083,1
ENSG00000134250,MONDO_0006306,somatic_mutation,0.4562,1
ENSG00000135111,MONDO_0006306,somatic_mutation,0.6083,1
ENSG00000141646,MONDO_0006306,somatic_mutation,0.4562,1
ENSG00000141736,MONDO_0006306,literature,0.0228,2
ENSG00000141736,MONDO_0006306,somatic_mutation,0.6083,1
ENSG00000157764,MONDO_0006306,somatic_mutation,0.4562,1
ENSG00000160957,MONDO_0006306,somatic_mutation,0.4562,1
ENSG00000162613,MONDO_0006306,somatic_mutation,0.4562,1
ENSG00000162733,MONDO_0006306,somatic_mutation,0.4562,1
ENSG00000163161,MONDO_0006306,somatic_mutation,0.4562,1
ENSG00000165699,MONDO_0006306,somatic_mutation,0.4562,1
ENSG00000178691,MONDO_0006306,somatic_mutation,0.4562,1
ENSG00000179295,MONDO_0006306,somatic_mutation,0.4562,1
ENSG00000198286,MONDO_0006306,somatic_mutation,0.4562,1
ENSG00000065559,MONDO_0006324,somatic_mutation,0.3041,1
ENSG00000080824,MONDO_0006324,somatic_mutation,0.1521,1
ENSG00000082898,MONDO_0006324,somatic_mutation,0.3041,1
ENSG00000104517,MONDO_0006324,somatic_mutation,0.3041,1
ENSG00000113594,MONDO_0006324,somatic_mutation,0.1521,1
ENSG00000121879,MONDO_0006324,somatic_mutation,0.4562,1
ENSG00000141510,MONDO_0006324,somatic_mutation,0.4562,1
ENSG00000141736,MONDO_0006324,somatic_mutation,0.3041,1
ENSG00000141867,MONDO_0006324,somatic_mutation,0.3041,1
ENSG00000145113,MONDO_0006324,somatic_mutation,0.1521,1
ENSG00000149311,MONDO_0006324,somatic_mutation,0.3041,1
ENSG00000158715,MONDO_0006324,somatic_mutation,0.1521,1
ENSG00000159216,MONDO_0006324,somatic_mutation,0.4562,1
ENSG00000165731,MONDO_0006324,somatic_mutation,0.3041,1
ENSG00000167258,MONDO_0006324,somatic_mutation,0.3041,1
ENSG00000167985,MONDO_0006324,somatic_mutation,0.3041,1
ENSG00000173575,MONDO_0006324,somatic_mutation,0.1521,1
ENSG00000182162,MONDO_0006324,somatic_mutation,0.3041,1
ENSG00000184507,MONDO_0006324,somatic_mutation,0.3041,1
ENSG00000066468,MONDO_0006512,genetic_association,0.7929,5
ENSG00000078403,MONDO_0006512,genetic_association,0.5192,3
ENSG00000083093,MONDO_0006512,genetic_association,0.6083,2
ENSG00000091831,MONDO_0006512,genetic_association,0.5014,2
ENSG00000091831,MONDO_0006512,known_drug,0.4955,17
ENSG00000103460,MONDO_0006512,genetic_association,0.816,8
ENSG00000104447,MONDO_0006512,genetic_association,0.6323,2
ENSG00000108175,MONDO_0006512,genetic_association,0.6628,2
ENSG00000110092,MONDO_0006512,genetic_association,0.2609,1
ENSG00000110092,MONDO_0006512,known_drug,0.4592,4
ENSG00000118245,MONDO_0006512,genetic_association,0.5969,5
ENSG00000120262,MONDO_0006512,genetic_association,0.5557,4
ENSG00000125885,MONDO_0006512,genetic_association,0.5608,1
ENSG00000134504,MONDO_0006512,genetic_association,0.49,1
ENSG00000136770,MONDO_0006512,genetic_association,0.5685,2
ENSG00000136826,MONDO_0006512,genetic_association,0.4927,3
ENSG00000137869,MONDO_0006512,known_drug,0.5683,12
ENSG00000137869,MONDO_0006512,literature,0.0667,3
ENSG00000139618,MONDO_0006512,genetic_association,0.4308,2
ENSG00000140718,MONDO_0006512,genetic_association,0.7442,2
ENSG00000147883,MONDO_0006512,genetic_association,0.5093,1
ENSG00000149311,MONDO_0006512,genetic_association,0.5554,1
ENSG00000163491,MONDO_0006512,genetic_association,0.5625,2
ENSG00000164749,MONDO_0006512,genetic_association,0.5849,2
ENSG00000168143,MONDO_0006512,genetic_association,0.5165,1
ENSG00000169946,MONDO_0006512,genetic_association,0.5504,1
ENSG00000174371,MONDO_0006512,genetic_association,0.6878,2
ENSG00000181788,MONDO_0006512,genetic_association,0.6067,3
ENSG00000182185,MONDO_0006512,genetic_association,0.4923,2
ENSG00000183654,MONDO_0006512,genetic_association,0.4941,1
ENSG00000183765,MONDO_0006512,genetic_association,0.6511,4
ENSG00000198901,MONDO_0006512,genetic_association,0.6533,3
ENSG00000236699,MONDO_0006512,genetic_association,0.5103,1
ENSG00000066468,MONDO_0006513,genetic_association,0.6891,2
ENSG00000083093,MONDO_0006513,genetic_association,0.6083,2
ENSG00000087494,MONDO_0006513,genetic_association,0.5004,2
ENSG00000091831,MONDO_0006513,genetic_association,0.5492,4
ENSG00000091831,MONDO_0006513,known_drug,0.4258,1
ENSG00000091831,MONDO_0006513,literature,0.037,3
ENSG00000095015,MONDO_0006513,genetic_association,0.3992,2
ENSG00000100354,MONDO_0006513,genetic_association,0.518,2
ENSG00000103460,MONDO_0006513,genetic_association,0.661,2
ENSG00000112996,MONDO_0006513,genetic_association,0.3799,1
ENSG00000120262,MONDO_0006513,genetic_association,0.4364,7
ENSG00000125885,MONDO_0006513,genetic_association,0.5608,1
ENSG00000133067,MONDO_0006513,genetic_association,0.451,1
ENSG00000137869,MONDO_0006513,known_drug,0.4258,1
ENSG00000138031,MONDO_0006513,genetic_association,0.449,1
ENSG00000139618,MONDO_0006513,genetic_association,0.5434,4
ENSG00000140718,MONDO_0006513,genetic_association,0.7467,2
ENSG00000141510,MONDO_0006513,genetic_association,0.3783,1
ENSG00000142655,MONDO_0006513,genetic_association,0.4778,1
ENSG00000143867,MONDO_0006513,genetic_association,0.4665,1
ENSG00000148737,MONDO_0006513,genetic_association,0.5036,1
ENSG00000155749,MONDO_0006513,genetic_association,0.3878,1
ENSG00000160117,MONDO_0006513,genetic_association,0.3104,3
ENSG00000163491,MONDO_0006513,genetic_association,0.4117,1
ENSG00000164362,MONDO_0006513,genetic_association,0.7452,6
ENSG00000164749,MONDO_0006513,genetic_association,0.4008,1
ENSG00000168769,MONDO_0006513,genetic_association,0.5127,1
ENSG00000178202,MONDO_0006513,genetic_association,0.4869,1
ENSG00000183765,MONDO_0006513,genetic_association,0.4289,2
ENSG00000198625,MONDO_0006513,genetic_association,0.3188,1
ENSG00000274070,MONDO_0006513,genetic_association,0.3792,1
ENSG00000275410,MONDO_0006513,genetic_association,0.5791,2
ENSG00000196689,MONDO_0006739,literature,0.4684,1
ENSG00000068078,MONDO_0006804,known_drug,0.1732,4
ENSG00000068078,MONDO_0006804,literature,0.3451,6
ENSG00000091831,MONDO_0006804,known_drug,0.1217,1
ENSG00000091831,MONDO_0006804,literature,0.7759,221
ENSG00000101162,MONDO_0006804,known_drug,0.5751,26
ENSG00000102755,MONDO_0006804,known_drug,0.1756,5
ENSG00000102755,MONDO_0006804,literature,0.199,3
ENSG00000104833,MONDO_0006804,known_drug,0.5751,26
ENSG00000112715,MONDO_0006804,known_drug,0.1756,5
ENSG00000112715,MONDO_0006804,literature,0.7636,28
ENSG00000113721,MONDO_0006804,known_drug,0.1768,5
ENSG00000113721,MONDO_0006804,literature,0.0916,3
ENSG00000119535,MONDO_0006804,known_drug,0.4777,6
ENSG00000120217,MONDO_0006804,known_drug,0.1521,2
ENSG00000120217,MONDO_0006804,literature,0.8002,62
ENSG00000123416,MONDO_0006804,known_drug,0.5751,26
ENSG00000127824,MONDO_0006804,known_drug,0.5751,26
ENSG00000128052,MONDO_0006804,known_drug,0.1756,5
ENSG00000128052,MONDO_0006804,literature,0.2087,8
ENSG00000131747,MONDO_0006804,known_drug,0.4885,9
ENSG00000131747,MONDO_0006804,literature,0.0547,1
ENSG00000134853,MONDO_0006804,known_drug,0.1732,4
ENSG00000134853,MONDO_0006804,literature,0.6627,4
ENSG00000137267,MONDO_0006804,known_drug,0.5751,26
ENSG00000137285,MONDO_0006804,known_drug,0.5751,26
ENSG00000141736,MONDO_0006804,known_drug,0.1913,17
ENSG00000141736,MONDO_0006804,literature,0.9664,578
ENSG00000146648,MONDO_0006804,known_drug,0.189,11
ENSG00000146648,MONDO_0006804,literature,0.8487,121
ENSG00000152086,MONDO_0006804,known_drug,0.5751,26
ENSG00000167552,MONDO_0006804,known_drug,0.5751,26
ENSG00000167553,MONDO_0006804,known_drug,0.5751,26
ENSG00000176014,MONDO_0006804,known_drug,0.5751,26
ENSG00000176890,MONDO_0006804,known_drug,0.4798,5
ENSG00000178568,MONDO_0006804,known_drug,0.1546,3
ENSG00000178568,MONDO_0006804,literature,0.7062,9
ENSG00000188229,MONDO_0006804,known_drug,0.5751,26
ENSG00000188389,MONDO_0006804,known_drug,0.1827,7
ENSG00000188389,MONDO_0006804,literature,0.3492,10
ENSG00000196230,MONDO_0006804,known_drug,0.5751,26
ENSG00000198033,MONDO_0006804,known_drug,0.5751,26
ENSG00000258947,MONDO_0006804,known_drug,0.5751,26
ENSG00000258947,MONDO_0006804,literature,0.0182,1
ENSG00000261456,MONDO_0006804,known_drug,0.5751,26
ENSG00000012048,MONDO_0007254,genetic_association,0.9754,342
ENSG00000012048,MONDO_0007254,genetic_literature,0.6083,1
ENSG00000012048,MONDO_0007254,literature,0.9886,14387
ENSG00000066468,MONDO_0007254,genetic_association,0.8735,20
ENSG00000066468,MONDO_0007254,known_drug,0.4978,24
ENSG00000066468,MONDO_0007254,literature,0.9662,676
ENSG00000083093,MONDO_0007254,genetic_association,0.9107,112
ENSG00000083093,MONDO_0007254,genetic_literature,0.6083,2
ENSG00000083093,MONDO_0007254,literature,0.9765,1392
ENSG00000091831,MONDO_0007254,genetic_association,0.7773,25
ENSG00000091831,MONDO_0007254,known_drug,0.9873,781
ENSG00000091831,MONDO_0007254,literature,0.9886,41436
ENSG00000104320,MONDO_0007254,genetic_association,0.7435,27
ENSG00000104320,MONDO_0007254,genetic_literature,0.6083,1
ENSG00000104320,MONDO_0007254,literature,0.7514,234
ENSG00000105810,MONDO_0007254,known_drug,0.9837,452
ENSG00000105810,MONDO_0007254,literature,0.7097,513
ENSG00000110092,MONDO_0007254,genetic_association,0.4149,11
ENSG00000110092,MONDO_0007254,known_drug,0.9657,217
ENSG00000110092,MONDO_0007254,literature,0.9775,3374
ENSG00000112715,MONDO_0007254,genetic_association,0.0563,1
ENSG00000112715,MONDO_0007254,known_drug,0.9654,195
ENSG00000112715,MONDO_0007254,literature,0.9853,4935
ENSG00000121879,MONDO_0007254,genetic_association,0.9196,7
ENSG00000121879,MONDO_0007254,genetic_literature,0.6083,1
ENSG00000121879,MONDO_0007254,known_drug,0.9301,150
ENSG00000121879,MONDO_0007254,literature,0.9885,4305
ENSG00000123416,MONDO_0007254,known_drug,0.9869,1909
ENSG00000123416,MONDO_0007254,literature,0.7069,27
ENSG00000131747,MONDO_0007254,known_drug,0.9642,429
ENSG00000131747,MONDO_0007254,literature,0.897,484
ENSG00000135446,MONDO_0007254,known_drug,0.9837,452
ENSG00000135446,MONDO_0007254,literature,0.9835,4110
ENSG00000136492,MONDO_0007254,genetic_association,0.8768,46
ENSG00000136492,MONDO_0007254,genetic_literature,0.6083,1
ENSG00000136492,MONDO_0007254,literature,0.9284,493
ENSG00000137267,MONDO_0007254,known_drug,0.9869,1910
ENSG00000137267,MONDO_0007254,literature,0.3791,14
ENSG00000137869,MONDO_0007254,known_drug,0.9884,923
ENSG00000137869,MONDO_0007254,literature,0.9619,6766
ENSG00000138376,MONDO_0007254,genetic_association,0.7528,53
ENSG00000138376,MONDO_0007254,genetic_literature,0.6083,1
ENSG00000138376,MONDO_0007254,literature,0.9499,444
ENSG00000139618,MONDO_0007254,genetic_association,0.939,473
ENSG00000139618,MONDO_0007254,genetic_literature,0.6083,1
ENSG00000139618,MONDO_0007254,literature,0.9878,8055
ENSG00000140009,MONDO_0007254,known_drug,0.9726,56
ENSG00000140009,MONDO_0007254,literature,0.9807,1492
ENSG00000141510,MONDO_0007254,animal_model,0.2942,1
ENSG00000141510,MONDO_0007254,genetic_association,0.8416,18
ENSG00000141510,MONDO_0007254,genetic_literature,0.7604,2
ENSG00000141510,MONDO_0007254,known_drug,0.1445,2
ENSG00000141510,MONDO_0007254,literature,0.9886,12044
ENSG00000141736,MONDO_0007254,known_drug,0.9874,1708
ENSG00000141736,MONDO_0007254,literature,0.9886,59213
ENSG00000142208,MONDO_0007254,genetic_literature,0.6083,1
ENSG00000142208,MONDO_0007254,known_drug,0.899,57
ENSG00000142208,MONDO_0007254,literature,0.988,11946
ENSG00000146648,MONDO_0007254,genetic_association,0.5411,1
ENSG00000146648,MONDO_0007254,known_drug,0.9591,471
ENSG00000146648,MONDO_0007254,literature,0.9877,9168
ENSG00000149311,MONDO_0007254,genetic_association,0.8142,178
ENSG00000149311,MONDO_0007254,literature,0.9803,1933
ENSG00000167553,MONDO_0007254,known_drug,0.9869,1909
ENSG00000167553,MONDO_0007254,literature,0.7125,21
ENSG00000176890,MONDO_0007254,known_drug,0.9679,569
ENSG00000176890,MONDO_0007254,literature,0.8739,243
ENSG00000183765,MONDO_0007254,genetic_association,0.906,100
ENSG00000183765,MONDO_0007254,genetic_literature,0.6962,4
ENSG00000183765,MONDO_0007254,known_drug,0.1588,3
ENSG00000183765,MONDO_0007254,literature,0.983,1525
ENSG00000196230,MONDO_0007254,known_drug,0.9869,1910
ENSG00000196230,MONDO_0007254,literature,0.6869,45
ENSG00000198056,MONDO_0007254,genetic_association,0.5227,1
ENSG00000198056,MONDO_0007254,known_drug,0.872,162
ENSG00000198056,MONDO_0007254,literature,0.2783,16
ENSG00000198900,MONDO_0007254,known_drug,0.9748,201
ENSG00000198900,MONDO_0007254,literature,0.7268,87
ENSG00000258947,MONDO_0007254,known_drug,0.9869,1910
ENSG00000258947,MONDO_0007254,literature,0.7393,69
ENSG00000102524,MONDO_0007915,known_drug,0.9738,63
ENSG00000102524,MONDO_0007915,literature,0.979,1478
ENSG00000102524,MONDO_0007915,rna_expression,0.0437,1
ENSG00000105397,MONDO_0007915,genetic_association,0.8784,10
ENSG00000105397,MONDO_0007915,known_drug,0.6033,13
ENSG00000105397,MONDO_0007915,literature,0.6719,179
ENSG00000112182,MONDO_0007915,genetic_association,0.7415,3
ENSG00000112182,MONDO_0007915,literature,0.7517,30
ENSG00000113580,MONDO_0007915,known_drug,0.9545,46
ENSG00000113580,MONDO_0007915,literature,0.522,53
ENSG00000116701,MONDO_0007915,genetic_association,0.8513,9
ENSG00000116701,MONDO_0007915,literature,0.3547,59
ENSG00000117322,MONDO_0007915,genetic_literature,0.6083,2
ENSG00000117322,MONDO_0007915,literature,0.7975,140
ENSG00000117586,MONDO_0007915,genetic_association,0.794,17
ENSG00000117586,MONDO_0007915,genetic_literature,0.6083,1
ENSG00000117586,MONDO_0007915,literature,0.9057,133
ENSG00000118503,MONDO_0007915,animal_model,0.2914,1
ENSG00000118503,MONDO_0007915,genetic_association,0.8222,24
ENSG00000118503,MONDO_0007915,literature,0.9331,301
ENSG00000128604,MONDO_0007915,genetic_association,0.8348,28
ENSG00000128604,MONDO_0007915,genetic_literature,0.6083,1
ENSG00000128604,MONDO_0007915,literature,0.9736,513
ENSG00000128815,MONDO_0007915,genetic_association,0.8582,17
ENSG00000128815,MONDO_0007915,literature,0.3387,36
ENSG00000134242,MONDO_0007915,animal_model,0.2939,1
ENSG00000134242,MONDO_0007915,genetic_association,0.7069,11
ENSG00000134242,MONDO_0007915,genetic_literature,0.6083,1
ENSG00000134242,MONDO_0007915,literature,0.8997,298
ENSG00000134954,MONDO_0007915,genetic_association,0.7517,13
ENSG00000134954,MONDO_0007915,literature,0.8602,110
ENSG00000136573,MONDO_0007915,genetic_association,0.8132,49
ENSG00000136573,MONDO_0007915,literature,0.8568,163
ENSG00000136573,MONDO_0007915,somatic_mutation,0.5505,2
ENSG00000136634,MONDO_0007915,animal_model,0.3688,2
ENSG00000136634,MONDO_0007915,genetic_association,0.8048,4
ENSG00000136634,MONDO_0007915,literature,0.9833,1382
ENSG00000136634,MONDO_0007915,rna_expression,0.0411,1
ENSG00000138378,MONDO_0007915,genetic_association,0.7148,32
ENSG00000138378,MONDO_0007915,genetic_literature,0.6083,2
ENSG00000138378,MONDO_0007915,literature,0.9457,349
ENSG00000139370,MONDO_0007915,genetic_association,0.8015,8
ENSG00000139370,MONDO_0007915,literature,0.7497,74
ENSG00000142166,MONDO_0007915,known_drug,0.9124,21
ENSG00000142166,MONDO_0007915,literature,0.8273,192
ENSG00000143226,MONDO_0007915,animal_model,0.3579,1
ENSG00000143226,MONDO_0007915,genetic_association,0.6906,9
ENSG00000143226,MONDO_0007915,literature,0.5741,295
ENSG00000145901,MONDO_0007915,animal_model,0.3613,2
ENSG00000145901,MONDO_0007915,genetic_association,0.8099,15
ENSG00000145901,MONDO_0007915,literature,0.8445,121
ENSG00000153064,MONDO_0007915,genetic_association,0.8483,10
ENSG00000153064,MONDO_0007915,genetic_literature,0.3041,1
ENSG00000153064,MONDO_0007915,literature,0.8731,97
ENSG00000153814,MONDO_0007915,genetic_association,0.7661,4
ENSG00000153814,MONDO_0007915,literature,0.1278,13
ENSG00000163599,MONDO_0007915,animal_model,0.2981,1
ENSG00000163599,MONDO_0007915,genetic_association,0.7533,6
ENSG00000163599,MONDO_0007915,genetic_literature,0.6083,1
ENSG00000163599,MONDO_0007915,literature,0.898,284
ENSG00000163823,MONDO_0007915,animal_model,0.2829,1
ENSG00000163823,MONDO_0007915,genetic_association,0.7939,3
ENSG00000163823,MONDO_0007915,literature,0.1437,23
ENSG00000163823,MONDO_0007915,rna_expression,0.0431,1
ENSG00000164053,MONDO_0007915,genetic_association,0.8656,26
ENSG00000164053,MONDO_0007915,literature,0.0304,1
ENSG00000172575,MONDO_0007915,animal_model,0.2509,1
ENSG00000172575,MONDO_0007915,genetic_association,0.6558,3
ENSG00000172575,MONDO_0007915,genetic_literature,0.6083,1
ENSG00000172575,MONDO_0007915,literature,0.5034,34
ENSG00000182326,MONDO_0007915,genetic_literature,0.7604,2
ENSG00000182326,MONDO_0007915,literature,0.7121,86
ENSG00000196664,MONDO_0007915,animal_model,0.3931,3
ENSG00000196664,MONDO_0007915,genetic_association,0.7549,8
ENSG00000196664,MONDO_0007915,genetic_literature,0.6083,1
ENSG00000196664,MONDO_0007915,known_drug,0.8036,15
ENSG00000196664,MONDO_0007915,literature,0.9809,1215
ENSG00000213689,MONDO_0007915,animal_model,0.5651,5
ENSG00000213689,MONDO_0007915,genetic_association,0.9224,35
ENSG00000213689,MONDO_0007915,genetic_literature,0.73,3
ENSG00000213689,MONDO_0007915,literature,0.421,242
ENSG00000213918,MONDO_0007915,animal_model,0.2568,1
ENSG00000213918,MONDO_0007915,genetic_association,0.5837,9
ENSG00000213918,MONDO_0007915,genetic_literature,0.4879,2
ENSG00000213918,MONDO_0007915,literature,0.6914,149
ENSG00000239732,MONDO_0007915,known_drug,0.7939,8
ENSG00000239732,MONDO_0007915,literature,0.9733,761
ENSG00000012048,MONDO_0008170,genetic_association,0.9085,92
ENSG00000012048,MONDO_0008170,genetic_literature,0.6083,1
ENSG00000012048,MONDO_0008170,literature,0.9871,7491
ENSG00000012048,MONDO_0008170,somatic_mutation,0.8706,18
ENSG00000039068,MONDO_0008170,genetic_association,0.8985,170
ENSG00000039068,MONDO_0008170,genetic_literature,0.6083,1
ENSG00000039068,MONDO_0008170,literature,0.938,780
ENSG00000039068,MONDO_0008170,somatic_mutation,0.5475,1
ENSG00000041880,MONDO_0008170,known_drug,0.9519,114
ENSG00000041880,MONDO_0008170,literature,0.0122,1
ENSG00000095002,MONDO_0008170,genetic_association,0.7582,10
ENSG00000095002,MONDO_0008170,genetic_literature,0.7604,2
ENSG00000095002,MONDO_0008170,literature,0.3213,221
ENSG00000095002,MONDO_0008170,somatic_mutation,0.5475,1
ENSG00000101162,MONDO_0008170,known_drug,0.8734,353
ENSG00000101162,MONDO_0008170,literature,0.0304,1
ENSG00000104833,MONDO_0008170,known_drug,0.8734,353
ENSG00000104833,MONDO_0008170,literature,0.0304,1
ENSG00000108384,MONDO_0008170,genetic_association,0.8609,19
ENSG00000108384,MONDO_0008170,genetic_literature,0.828,3
ENSG00000108384,MONDO_0008170,literature,0.8646,329
ENSG00000110195,MONDO_0008170,known_drug,0.8338,26
ENSG00000110195,MONDO_0008170,literature,0.9044,348
ENSG00000116062,MONDO_0008170,genetic_association,0.6225,17
ENSG00000116062,MONDO_0008170,genetic_literature,0.7604,2
ENSG00000116062,MONDO_0008170,literature,0.4405,179
ENSG00000116062,MONDO_0008170,somatic_mutation,0.7718,4
ENSG00000121879,MONDO_0008170,genetic_association,0.7869,21
ENSG00000121879,MONDO_0008170,genetic_literature,0.6083,1
ENSG00000121879,MONDO_0008170,known_drug,0.1785,14
ENSG00000121879,MONDO_0008170,literature,0.9308,514
ENSG00000121879,MONDO_0008170,somatic_mutation,0.875,14
ENSG00000123416,MONDO_0008170,known_drug,0.8734,353
ENSG00000123416,MONDO_0008170,literature,0.0744,5
ENSG00000127824,MONDO_0008170,known_drug,0.8734,353
ENSG00000127824,MONDO_0008170,literature,0.0304,1
ENSG00000129484,MONDO_0008170,known_drug,0.9735,216
ENSG00000129484,MONDO_0008170,literature,0.1573,30
ENSG00000131747,MONDO_0008170,known_drug,0.8709,170
ENSG00000131747,MONDO_0008170,literature,0.7764,56
ENSG00000136492,MONDO_0008170,genetic_association,0.9036,166
ENSG00000136492,MONDO_0008170,literature,0.568,266
ENSG00000136492,MONDO_0008170,somatic_mutation,0.4258,1
ENSG00000138081,MONDO_0008170,genetic_association,0.7188,13
ENSG00000138081,MONDO_0008170,literature,0.0774,3
ENSG00000138081,MONDO_0008170,somatic_mutation,0.7718,4
ENSG00000139618,MONDO_0008170,genetic_association,0.9466,81
ENSG00000139618,MONDO_0008170,literature,0.947,3944
ENSG00000139618,MONDO_0008170,somatic_mutation,0.8559,12
ENSG00000141510,MONDO_0008170,genetic_association,0.7134,3
ENSG00000141510,MONDO_0008170,known_drug,0.1217,1
ENSG00000141510,MONDO_0008170,literature,0.9827,2783
ENSG00000141510,MONDO_0008170,somatic_mutation,0.8897,227
ENSG00000143799,MONDO_0008170,known_drug,0.9735,216
ENSG00000143799,MONDO_0008170,literature,0.9496,1089
ENSG00000167552,MONDO_0008170,known_drug,0.8734,353
ENSG00000167552,MONDO_0008170,literature,0.1855,2
ENSG00000167553,MONDO_0008170,known_drug,0.8734,353
ENSG00000167553,MONDO_0008170,literature,0.0335,2
ENSG00000168036,MONDO_0008170,animal_model,0.3496,1
ENSG00000168036,MONDO_0008170,genetic_association,0.7978,9
ENSG00000168036,MONDO_0008170,genetic_literature,0.6083,1
ENSG00000168036,MONDO_0008170,literature,0.387,109
ENSG00000168036,MONDO_0008170,somatic_mutation,0.5475,1
ENSG00000171862,MONDO_0008170,genetic_association,0.0122,1
ENSG00000171862,MONDO_0008170,literature,0.9151,743
ENSG00000171862,MONDO_0008170,somatic_mutation,0.8714,22
ENSG00000176014,MONDO_0008170,known_drug,0.8734,353
ENSG00000176014,MONDO_0008170,literature,0.0394,3
ENSG00000185345,MONDO_0008170,genetic_association,0.9144,42
ENSG00000185345,MONDO_0008170,literature,0.3475,42
ENSG00000185379,MONDO_0008170,genetic_association,0.8252,7
ENSG00000185379,MONDO_0008170,genetic_literature,0.828,3
ENSG00000185379,MONDO_0008170,literature,0.612,226
ENSG00000185379,MONDO_0008170,somatic_mutation,0.4258,1
ENSG00000188229,MONDO_0008170,known_drug,0.8734,353
ENSG00000188229,MONDO_0008170,literature,0.1352,3
ENSG00000196230,MONDO_0008170,known_drug,0.8734,353
ENSG00000196230,MONDO_0008170,literature,0.1804,22
ENSG00000198900,MONDO_0008170,known_drug,0.906,87
ENSG00000198900,MONDO_0008170,literature,0.439,26
ENSG00000258947,MONDO_0008170,known_drug,0.8734,353
ENSG00000258947,MONDO_0008170,literature,0.455,54
ENSG00000014257,MONDO_0008315,known_drug,0.8775,34
ENSG00000014257,MONDO_0008315,literature,0.7679,613
ENSG00000039068,MONDO_0008315,genetic_association,0.8665,73
ENSG00000039068,MONDO_0008315,literature,0.8771,929
ENSG00000086205,MONDO_0008315,known_drug,0.894,93
ENSG00000086205,MONDO_0008315,literature,0.9825,7419
ENSG00000101162,MONDO_0008315,known_drug,0.9707,486
ENSG00000101162,MONDO_0008315,literature,0.0365,1
ENSG00000104833,MONDO_0008315,known_drug,0.9707,486
ENSG00000104833,MONDO_0008315,literature,0.6221,12
ENSG00000109163,MONDO_0008315,known_drug,0.9841,493
ENSG00000109163,MONDO_0008315,literature,0.27,123
ENSG00000113580,MONDO_0008315,known_drug,0.9404,258
ENSG00000113580,MONDO_0008315,literature,0.9059,228
ENSG00000113580,MONDO_0008315,somatic_mutation,0.1825,1
ENSG00000123416,MONDO_0008315,known_drug,0.9707,485
ENSG00000123416,MONDO_0008315,literature,0.0944,7
ENSG00000127824,MONDO_0008315,known_drug,0.9707,485
ENSG00000128039,MONDO_0008315,known_drug,0.9084,107
ENSG00000128039,MONDO_0008315,literature,0.2546,21
ENSG00000137267,MONDO_0008315,known_drug,0.9707,486
ENSG00000137285,MONDO_0008315,known_drug,0.9707,486
ENSG00000137285,MONDO_0008315,literature,0.1187,6
ENSG00000139618,MONDO_0008315,animal_model,0.3827,1
ENSG00000139618,MONDO_0008315,genetic_association,0.823,188
ENSG00000139618,MONDO_0008315,genetic_literature,0.8903,5
ENSG00000139618,MONDO_0008315,literature,0.9507,964
ENSG00000142515,MONDO_0008315,genetic_association,0.8507,8
ENSG00000142515,MONDO_0008315,known_drug,0.6083,1
ENSG00000142515,MONDO_0008315,literature,0.9886,19057
ENSG00000145545,MONDO_0008315,known_drug,0.9084,107
ENSG00000145545,MONDO_0008315,literature,0.4725,25
ENSG00000148795,MONDO_0008315,known_drug,0.973,303
ENSG00000148795,MONDO_0008315,literature,0.6271,358
ENSG00000152086,MONDO_0008315,known_drug,0.9707,485
ENSG00000160752,MONDO_0008315,known_drug,0.9378,24
ENSG00000160752,MONDO_0008315,literature,0.148,23
ENSG00000167552,MONDO_0008315,known_drug,0.9707,485
ENSG00000167553,MONDO_0008315,genetic_association,0.4993,3
ENSG00000167553,MONDO_0008315,known_drug,0.9707,485
ENSG00000167553,MONDO_0008315,literature,0.0304,1
ENSG00000169083,MONDO_0008315,genetic_association,0.8389,30
ENSG00000169083,MONDO_0008315,known_drug,0.9858,925
ENSG00000169083,MONDO_0008315,literature,0.9886,13289
ENSG00000169083,MONDO_0008315,somatic_mutation,0.4258,1
ENSG00000171862,MONDO_0008315,animal_model,0.7283,6
ENSG00000171862,MONDO_0008315,genetic_association,0.8829,40
ENSG00000171862,MONDO_0008315,genetic_literature,0.6083,1
ENSG00000171862,MONDO_0008315,literature,0.9831,2889
ENSG00000176014,MONDO_0008315,known_drug,0.9707,486
ENSG00000176014,MONDO_0008315,literature,0.0166,3
ENSG00000183765,MONDO_0008315,genetic_association,0.7507,77
ENSG00000183765,MONDO_0008315,genetic_literature,0.6083,1
ENSG00000183765,MONDO_0008315,literature,0.5242,249
ENSG00000188229,MONDO_0008315,known_drug,0.9707,486
ENSG00000188229,MONDO_0008315,literature,0.0426,1
ENSG00000196230,MONDO_0008315,known_drug,0.9707,486
ENSG00000196230,MONDO_0008315,literature,0.0874,9
ENSG00000198033,MONDO_0008315,known_drug,0.9707,485
ENSG00000258947,MONDO_0008315,known_drug,0.9707,486
ENSG00000258947,MONDO_0008315,literature,0.1629,18
ENSG00000258947,MONDO_0008315,somatic_mutation,0.1825,1
ENSG00000261456,MONDO_0008315,known_drug,0.9707,486
ENSG00000277893,MONDO_0008315,animal_model,0.4955,1
ENSG00000277893,MONDO_0008315,known_drug,0.9089,113
ENSG00000277893,MONDO_0008315,literature,0.283,115
ENSG00000012779,MONDO_0008383,known_drug,0.9538,20
ENSG00000012779,MONDO_0008383,literature,0.4829,49
ENSG00000012779,MONDO_0008383,rna_expression,0.08,2
ENSG00000056972,MONDO_0008383,known_drug,0.9463,13
ENSG00000056972,MONDO_0008383,literature,0.3532,20
ENSG00000056972,MONDO_0008383,rna_expression,0.0247,1
ENSG00000073756,MONDO_0008383,known_drug,0.9886,573
ENSG00000073756,MONDO_0008383,literature,0.8746,662
ENSG00000073756,MONDO_0008383,rna_expression,0.0541,1
ENSG00000095303,MONDO_0008383,known_drug,0.9886,391
ENSG00000095303,MONDO_0008383,literature,0.3295,35
ENSG00000096968,MONDO_0008383,known_drug,0.9885,161
ENSG00000096968,MONDO_0008383,literature,0.5133,428
ENSG00000101017,MONDO_0008383,genetic_association,0.933,13
ENSG00000101017,MONDO_0008383,known_drug,0.1369,2
ENSG00000101017,MONDO_0008383,literature,0.9165,301
ENSG00000102967,MONDO_0008383,known_drug,0.9817,44
ENSG00000102967,MONDO_0008383,literature,0.2504,91
ENSG00000105397,MONDO_0008383,genetic_association,0.9315,28
ENSG00000105397,MONDO_0008383,known_drug,0.987,130
ENSG00000105397,MONDO_0008383,literature,0.824,144
ENSG00000105639,MONDO_0008383,known_drug,0.987,137
ENSG00000105639,MONDO_0008383,literature,0.5344,275
ENSG00000111252,MONDO_0008383,genetic_association,0.9066,9
ENSG00000111252,MONDO_0008383,literature,0.2403,42
ENSG00000111252,MONDO_0008383,rna_expression,0.0233,1
ENSG00000113580,MONDO_0008383,genetic_association,0.1436,2
ENSG00000113580,MONDO_0008383,known_drug,0.9886,205
ENSG00000113580,MONDO_0008383,literature,0.5134,119
ENSG00000114013,MONDO_0008383,known_drug,0.9836,81
ENSG00000114013,MONDO_0008383,literature,0.7808,222
ENSG00000114013,MONDO_0008383,rna_expression,0.0334,2
ENSG00000115594,MONDO_0008383,known_drug,0.9228,17
ENSG00000115594,MONDO_0008383,literature,0.8139,135
ENSG00000115594,MONDO_0008383,rna_expression,0.0339,2
ENSG00000121594,MONDO_0008383,known_drug,0.9836,81
ENSG00000121594,MONDO_0008383,literature,0.818,232
ENSG00000128059,MONDO_0008383,known_drug,0.9684,19
ENSG00000128604,MONDO_0008383,genetic_association,0.8323,23
ENSG00000128604,MONDO_0008383,genetic_literature,0.6083,1
ENSG00000128604,MONDO_0008383,literature,0.6116,171
ENSG00000134242,MONDO_0008383,genetic_association,0.7755,55
ENSG00000134242,MONDO_0008383,genetic_literature,0.6083,1
ENSG00000134242,MONDO_0008383,literature,0.9615,702
ENSG00000134242,MONDO_0008383,rna_expression,0.0335,1
ENSG00000138378,MONDO_0008383,genetic_association,0.7926,28
ENSG00000138378,MONDO_0008383,genetic_literature,0.6083,1
ENSG00000138378,MONDO_0008383,literature,0.8557,307
ENSG00000156738,MONDO_0008383,known_drug,0.9847,121
ENSG00000156738,MONDO_0008383,literature,0.4232,41
ENSG00000156738,MONDO_0008383,rna_expression,0.0149,1
ENSG00000159339,MONDO_0008383,genetic_association,0.8515,19
ENSG00000159339,MONDO_0008383,genetic_literature,0.3041,1
ENSG00000159339,MONDO_0008383,literature,0.9821,753
ENSG00000160185,MONDO_0008383,genetic_association,0.8537,8
ENSG00000160185,MONDO_0008383,literature,0.7566,21
ENSG00000160712,MONDO_0008383,genetic_association,0.8248,4
ENSG00000160712,MONDO_0008383,known_drug,0.9885,205
ENSG00000160712,MONDO_0008383,literature,0.8323,973
ENSG00000160856,MONDO_0008383,genetic_association,0.8388,5
ENSG00000160856,MONDO_0008383,genetic_literature,0.6083,1
ENSG00000160856,MONDO_0008383,literature,0.8809,100
ENSG00000162434,MONDO_0008383,genetic_association,0.6596,2
ENSG00000162434,MONDO_0008383,known_drug,0.9885,164
ENSG00000162434,MONDO_0008383,literature,0.511,612
ENSG00000163599,MONDO_0008383,genetic_association,0.9452,20
ENSG00000163599,MONDO_0008383,literature,0.9508,716
ENSG00000196664,MONDO_0008383,known_drug,0.9837,48
ENSG00000196664,MONDO_0008383,literature,0.8483,124
ENSG00000196664,MONDO_0008383,rna_expression,0.0453,1
ENSG00000228716,MONDO_0008383,known_drug,0.9886,267
ENSG00000228716,MONDO_0008383,literature,0.4381,72
ENSG00000232810,MONDO_0008383,known_drug,0.9886,471
ENSG00000232810,MONDO_0008383,literature,0.9886,19115
ENSG00000239732,MONDO_0008383,known_drug,0.9837,48
ENSG00000239732,MONDO_0008383,literature,0.8038,149
ENSG00000240972,MONDO_0008383,genetic_literature,0.6083,1
ENSG00000240972,MONDO_0008383,known_drug,0.9463,13
ENSG00000240972,MONDO_0008383,literature,0.9523,319
ENSG00000012048,MONDO_0016419,genetic_association,0.9379,544
ENSG00000012048,MONDO_0016419,literature,0.4529,205
ENSG00000012048,MONDO_0016419,somatic_mutation,0.5519,3
ENSG00000039068,MONDO_0016419,genetic_association,0.9276,449
ENSG00000039068,MONDO_0016419,literature,0.0371,4
ENSG00000051180,MONDO_0016419,genetic_association,0.7107,5
ENSG00000051180,MONDO_0016419,literature,0.0718,3
ENSG00000076242,MONDO_0016419,genetic_association,0.8593,20
ENSG00000076242,MONDO_0016419,genetic_literature,0.0061,1
ENSG00000083093,MONDO_0016419,genetic_association,0.9391,5191
ENSG00000083093,MONDO_0016419,genetic_literature,0.9072,6
ENSG00000083093,MONDO_0016419,literature,0.1244,19
ENSG00000095002,MONDO_0016419,genetic_association,0.8747,20
ENSG00000095002,MONDO_0016419,genetic_literature,0.0061,1
ENSG00000095002,MONDO_0016419,literature,0.0234,4
ENSG00000103222,MONDO_0016419,genetic_association,0.7824,12
ENSG00000104320,MONDO_0016419,genetic_association,0.5975,3
ENSG00000104320,MONDO_0016419,genetic_literature,0.0061,1
ENSG00000104320,MONDO_0016419,literature,0.0705,3
ENSG00000113522,MONDO_0016419,genetic_association,0.7388,44
ENSG00000113522,MONDO_0016419,genetic_literature,0.0061,1
ENSG00000113522,MONDO_0016419,literature,0.0152,2
ENSG00000116062,MONDO_0016419,genetic_association,0.869,25
ENSG00000116062,MONDO_0016419,genetic_literature,0.0061,1
ENSG00000121879,MONDO_0016419,genetic_association,0.8092,20
ENSG00000121879,MONDO_0016419,genetic_literature,0.0061,1
ENSG00000121879,MONDO_0016419,literature,0.0122,1
ENSG00000132781,MONDO_0016419,genetic_association,0.7108,7
ENSG00000132781,MONDO_0016419,genetic_literature,0.0076,2
ENSG00000132781,MONDO_0016419,literature,0.0348,3
ENSG00000133703,MONDO_0016419,animal_model,0.3521,2
ENSG00000133703,MONDO_0016419,genetic_association,0.8288,23
ENSG00000133703,MONDO_0016419,genetic_literature,0.6083,1
ENSG00000133703,MONDO_0016419,literature,0.0365,1
ENSG00000136492,MONDO_0016419,genetic_association,0.9391,6272
ENSG00000136492,MONDO_0016419,genetic_literature,0.6095,3
ENSG00000136492,MONDO_0016419,literature,0.0821,9
ENSG00000138081,MONDO_0016419,genetic_association,0.8672,22
ENSG00000138376,MONDO_0016419,genetic_association,0.9391,3452
ENSG00000138376,MONDO_0016419,genetic_literature,0.7604,2
ENSG00000138376,MONDO_0016419,literature,0.0122,1
ENSG00000139618,MONDO_0016419,genetic_association,0.9391,2064
ENSG00000139618,MONDO_0016419,genetic_literature,0.9196,7
ENSG00000139618,MONDO_0016419,literature,0.449,119
ENSG00000139618,MONDO_0016419,somatic_mutation,0.5564,3
ENSG00000141510,MONDO_0016419,animal_model,0.2942,1
ENSG00000141510,MONDO_0016419,genetic_association,0.925,112
ENSG00000141510,MONDO_0016419,genetic_literature,0.6083,1
ENSG00000141510,MONDO_0016419,literature,0.1412,28
ENSG00000141510,MONDO_0016419,somatic_mutation,0.8745,14
ENSG00000144554,MONDO_0016419,genetic_association,0.6995,2
ENSG00000144554,MONDO_0016419,literature,0.0182,1
ENSG00000148143,MONDO_0016419,genetic_association,0.6691,2
ENSG00000149311,MONDO_0016419,genetic_association,0.9586,6143
ENSG00000149311,MONDO_0016419,genetic_literature,0.7604,2
ENSG00000149311,MONDO_0016419,literature,0.0423,10
ENSG00000149311,MONDO_0016419,somatic_mutation,0.5779,1
ENSG00000160957,MONDO_0016419,genetic_association,0.5596,1
ENSG00000160957,MONDO_0016419,literature,0.0122,1
ENSG00000166323,MONDO_0016419,genetic_association,0.9575,2285
ENSG00000170836,MONDO_0016419,genetic_association,0.841,13
ENSG00000171862,MONDO_0016419,genetic_association,0.6915,4
ENSG00000171862,MONDO_0016419,literature,0.1472,9
ENSG00000183765,MONDO_0016419,genetic_association,0.9391,3583
ENSG00000183765,MONDO_0016419,genetic_literature,0.7604,2
ENSG00000183765,MONDO_0016419,literature,0.0687,15
ENSG00000183765,MONDO_0016419,somatic_mutation,0.5018,2
ENSG00000185379,MONDO_0016419,genetic_association,0.6965,2
ENSG00000187790,MONDO_0016419,genetic_association,0.7617,3
ENSG00000187790,MONDO_0016419,genetic_literature,0.0061,1
ENSG00000187790,MONDO_0016419,literature,0.0213,2
ENSG00000197299,MONDO_0016419,genetic_association,0.5596,1
ENSG00000197299,MONDO_0016419,literature,0.0243,1
ENSG00000198727,MONDO_0016419,genetic_association,0.6784,33
ENSG00000037280,MONDO_0018177,known_drug,0.5672,56
ENSG00000037280,MONDO_0018177,literature,0.1733,19
ENSG00000077782,MONDO_0018177,affected_pathway,0.7604,2
ENSG00000077782,MONDO_0018177,known_drug,0.3725,16
ENSG00000077782,MONDO_0018177,literature,0.8959,170
ENSG00000077782,MONDO_0018177,somatic_mutation,0.195,1
ENSG00000085224,MONDO_0018177,genetic_association,0.1825,1
ENSG00000085224,MONDO_0018177,literature,0.9061,480
ENSG00000085224,MONDO_0018177,somatic_mutation,0.8201,4
ENSG00000095002,MONDO_0018177,genetic_association,0.5596,1
ENSG00000095002,MONDO_0018177,literature,0.5534,88
ENSG00000099949,MONDO_0018177,literature,0.4978,29
ENSG00000099949,MONDO_0018177,somatic_mutation,0.5596,1
ENSG00000101972,MONDO_0018177,literature,0.4227,48
ENSG00000101972,MONDO_0018177,somatic_mutation,0.6083,1
ENSG00000102755,MONDO_0018177,known_drug,0.567,52
ENSG00000102755,MONDO_0018177,literature,0.8301,108
ENSG00000104687,MONDO_0018177,known_drug,0.9086,31
ENSG00000104687,MONDO_0018177,literature,0.1898,18
ENSG00000112715,MONDO_0018177,known_drug,0.8553,147
ENSG00000112715,MONDO_0018177,literature,0.9723,2755
ENSG00000112715,MONDO_0018177,rna_expression,0.2336,4
ENSG00000113721,MONDO_0018177,known_drug,0.6091,62
ENSG00000113721,MONDO_0018177,literature,0.8563,424
ENSG00000117713,MONDO_0018177,literature,0.6405,18
ENSG00000117713,MONDO_0018177,somatic_mutation,0.5872,1
ENSG00000121879,MONDO_0018177,known_drug,0.3698,16
ENSG00000121879,MONDO_0018177,literature,0.9653,541
ENSG00000121879,MONDO_0018177,somatic_mutation,0.7728,3
ENSG00000128052,MONDO_0018177,known_drug,0.5675,72
ENSG00000128052,MONDO_0018177,literature,0.9652,554
ENSG00000132432,MONDO_0018177,genetic_association,0.5453,3
ENSG00000132432,MONDO_0018177,literature,0.7914,44
ENSG00000132432,MONDO_0018177,rna_expression,0.1226,3
ENSG00000134853,MONDO_0018177,known_drug,0.5652,32
ENSG00000134853,MONDO_0018177,literature,0.972,737
ENSG00000134853,MONDO_0018177,rna_expression,0.0274,1
ENSG00000134853,MONDO_0018177,somatic_mutation,0.3302,1
ENSG00000138413,MONDO_0018177,affected_pathway,0.6083,1
ENSG00000138413,MONDO_0018177,literature,0.9886,4580
ENSG00000138413,MONDO_0018177,rna_expression,0.1084,2
ENSG00000138413,MONDO_0018177,somatic_mutation,0.7941,5
ENSG00000139687,MONDO_0018177,literature,0.8974,601
ENSG00000139687,MONDO_0018177,somatic_mutation,0.8134,3
ENSG00000141510,MONDO_0018177,animal_model,0.5292,7
ENSG00000141510,MONDO_0018177,genetic_association,0.5045,3
ENSG00000141510,MONDO_0018177,genetic_literature,0.828,3
ENSG00000141510,MONDO_0018177,known_drug,0.1065,2
ENSG00000141510,MONDO_0018177,literature,0.9873,3814
ENSG00000141510,MONDO_0018177,somatic_mutation,0.866,4
ENSG00000143799,MONDO_0018177,known_drug,0.5391,19
ENSG00000143799,MONDO_0018177,literature,0.9019,277
ENSG00000145675,MONDO_0018177,genetic_association,0.5626,2
ENSG00000145675,MONDO_0018177,known_drug,0.3696,15
ENSG00000145675,MONDO_0018177,literature,0.5004,125
ENSG00000145675,MONDO_0018177,somatic_mutation,0.6083,1
ENSG00000146648,MONDO_0018177,affected_pathway,0.6083,1
ENSG00000146648,MONDO_0018177,genetic_association,0.2184,5
ENSG00000146648,MONDO_0018177,known_drug,0.6306,76
ENSG00000146648,MONDO_0018177,literature,0.9886,6575
ENSG00000146648,MONDO_0018177,rna_expression,0.169,2
ENSG00000146648,MONDO_0018177,somatic_mutation,0.8577,4
ENSG00000147883,MONDO_0018177,genetic_association,0.6742,3
ENSG00000147883,MONDO_0018177,literature,0.7159,99
ENSG00000147883,MONDO_0018177,rna_expression,0.0204,1
ENSG00000157404,MONDO_0018177,known_drug,0.609,60
ENSG00000157404,MONDO_0018177,literature,0.6055,143
ENSG00000157404,MONDO_0018177,rna_expression,0.0469,2
ENSG00000157764,MONDO_0018177,affected_pathway,0.4453,1
ENSG00000157764,MONDO_0018177,known_drug,0.3725,16
ENSG00000157764,MONDO_0018177,literature,0.8879,442
ENSG00000157764,MONDO_0018177,somatic_mutation,0.8143,3
ENSG00000164362,MONDO_0018177,affected_pathway,0.6083,1
ENSG00000164362,MONDO_0018177,animal_model,0.2724,1
ENSG00000164362,MONDO_0018177,genetic_association,0.6452,3
ENSG00000164362,MONDO_0018177,literature,0.9341,1029
ENSG00000171862,MONDO_0018177,literature,0.9842,2479
ENSG00000171862,MONDO_0018177,somatic_mutation,0.7755,5
ENSG00000179295,MONDO_0018177,literature,0.8355,77
ENSG00000179295,MONDO_0018177,somatic_mutation,0.6848,2
ENSG00000188389,MONDO_0018177,known_drug,0.6479,99
ENSG00000188389,MONDO_0018177,literature,0.9701,726
ENSG00000196712,MONDO_0018177,literature,0.9588,687
ENSG00000196712,MONDO_0018177,somatic_mutation,0.7892,3
ENSG00000198900,MONDO_0018177,known_drug,0.5469,52
ENSG00000198900,MONDO_0018177,literature,0.6759,25
ENSG00000062822,MONDO_0018874,known_drug,0.9642,794
ENSG00000062822,MONDO_0018874,literature,0.0152,2
ENSG00000062822,MONDO_0018874,somatic_mutation,0.4562,1
ENSG00000096968,MONDO_0018874,affected_pathway,0.7604,2
ENSG00000096968,MONDO_0018874,animal_model,0.3735,2
ENSG00000096968,MONDO_0018874,genetic_association,0.7439,11
ENSG00000096968,MONDO_0018874,genetic_literature,0.6083,1
ENSG00000096968,MONDO_0018874,known_drug,0.1938,28
ENSG00000096968,MONDO_0018874,literature,0.907,627
ENSG00000096968,MONDO_0018874,somatic_mutation,0.6607,4
ENSG00000113721,MONDO_0018874,genetic_literature,0.3041,1
ENSG00000113721,MONDO_0018874,known_drug,0.9133,174
ENSG00000113721,MONDO_0018874,literature,0.4419,112
ENSG00000113721,MONDO_0018874,somatic_mutation,0.4562,1
ENSG00000119772,MONDO_0018874,affected_pathway,0.6083,1
ENSG00000119772,MONDO_0018874,genetic_association,0.8477,50
ENSG00000119772,MONDO_0018874,genetic_literature,0.6083,1
ENSG00000119772,MONDO_0018874,known_drug,0.973,688
ENSG00000119772,MONDO_0018874,literature,0.988,1903
ENSG00000119772,MONDO_0018874,somatic_mutation,0.7786,7
ENSG00000122025,MONDO_0018874,affected_pathway,0.8409,13
ENSG00000122025,MONDO_0018874,animal_model,0.624,4
ENSG00000122025,MONDO_0018874,genetic_association,0.5475,2
ENSG00000122025,MONDO_0018874,genetic_literature,0.3041,1
ENSG00000122025,MONDO_0018874,known_drug,0.9713,221
ENSG00000122025,MONDO_0018874,literature,0.9886,8214
ENSG00000122025,MONDO_0018874,somatic_mutation,0.8497,15
ENSG00000128052,MONDO_0018874,known_drug,0.9029,107
ENSG00000128052,MONDO_0018874,literature,0.792,152
ENSG00000128052,MONDO_0018874,somatic_mutation,0.4562,1
ENSG00000128602,MONDO_0018874,known_drug,0.894,18
ENSG00000128602,MONDO_0018874,literature,0.5164,86
ENSG00000128602,MONDO_0018874,somatic_mutation,0.4562,1
ENSG00000130816,MONDO_0018874,known_drug,0.973,688
ENSG00000130816,MONDO_0018874,literature,0.9496,404
ENSG00000133703,MONDO_0018874,affected_pathway,0.5691,2
ENSG00000133703,MONDO_0018874,animal_model,0.6121,8
ENSG00000133703,MONDO_0018874,genetic_association,0.8031,27
ENSG00000133703,MONDO_0018874,genetic_literature,0.6083,1
ENSG00000133703,MONDO_0018874,literature,0.8832,591
ENSG00000133703,MONDO_0018874,somatic_mutation,0.7894,8
ENSG00000134853,MONDO_0018874,known_drug,0.9098,109
ENSG00000134853,MONDO_0018874,literature,0.7288,92
ENSG00000134853,MONDO_0018874,somatic_mutation,0.4562,1
ENSG00000138413,MONDO_0018874,affected_pathway,0.828,3
ENSG00000138413,MONDO_0018874,genetic_association,0.5596,1
ENSG00000138413,MONDO_0018874,known_drug,0.9321,50
ENSG00000138413,MONDO_0018874,literature,0.9873,2503
ENSG00000138413,MONDO_0018874,somatic_mutation,0.7763,7
ENSG00000139083,MONDO_0018874,animal_model,0.5542,2
ENSG00000139083,MONDO_0018874,genetic_association,0.1947,1
ENSG00000139083,MONDO_0018874,genetic_literature,0.73,3
ENSG00000139083,MONDO_0018874,literature,0.5863,450
ENSG00000139083,MONDO_0018874,somatic_mutation,0.6387,3
ENSG00000141510,MONDO_0018874,affected_pathway,0.7604,2
ENSG00000141510,MONDO_0018874,genetic_association,0.6843,2
ENSG00000141510,MONDO_0018874,known_drug,0.2798,23
ENSG00000141510,MONDO_0018874,literature,0.9886,3485
ENSG00000141510,MONDO_0018874,somatic_mutation,0.8143,30
ENSG00000144554,MONDO_0018874,genetic_literature,0.866,4
ENSG00000144554,MONDO_0018874,literature,0.2297,10
ENSG00000144554,MONDO_0018874,somatic_mutation,0.5292,2
ENSG00000152217,MONDO_0018874,genetic_association,0.866,4
ENSG00000152217,MONDO_0018874,genetic_literature,0.6083,1
ENSG00000152217,MONDO_0018874,literature,0.806,133
ENSG00000152217,MONDO_0018874,somatic_mutation,0.4562,1
ENSG00000157404,MONDO_0018874,affected_pathway,0.828,3
ENSG00000157404,MONDO_0018874,animal_model,0.6166,5
ENSG00000157404,MONDO_0018874,genetic_association,0.3159,48
ENSG00000157404,MONDO_0018874,genetic_literature,0.6083,1
ENSG00000157404,MONDO_0018874,known_drug,0.9114,174
ENSG00000157404,MONDO_0018874,literature,0.9837,1999
ENSG00000157404,MONDO_0018874,somatic_mutation,0.6219,8
ENSG00000159216,MONDO_0018874,affected_pathway,0.4428,1
ENSG00000159216,MONDO_0018874,animal_model,0.7782,14
ENSG00000159216,MONDO_0018874,genetic_association,0.8731,128
ENSG00000159216,MONDO_0018874,genetic_literature,0.6083,1
ENSG00000159216,MONDO_0018874,literature,0.9885,3776
ENSG00000159216,MONDO_0018874,somatic_mutation,0.7783,10
ENSG00000161547,MONDO_0018874,affected_pathway,0.6083,1
ENSG00000161547,MONDO_0018874,genetic_association,0.9344,11
ENSG00000161547,MONDO_0018874,literature,0.9217,479
ENSG00000161547,MONDO_0018874,somatic_mutation,0.6033,3
ENSG00000164362,MONDO_0018874,genetic_association,0.7856,88
ENSG00000164362,MONDO_0018874,genetic_literature,0.9072,6
ENSG00000164362,MONDO_0018874,known_drug,0.1436,3
ENSG00000164362,MONDO_0018874,literature,0.8383,88
ENSG00000164362,MONDO_0018874,somatic_mutation,0.4562,1
ENSG00000165671,MONDO_0018874,genetic_association,0.8266,8
ENSG00000165671,MONDO_0018874,genetic_literature,0.828,3
ENSG00000165671,MONDO_0018874,literature,0.8915,189
ENSG00000165671,MONDO_0018874,somatic_mutation,0.3041,1
ENSG00000168769,MONDO_0018874,genetic_association,0.9775,32
ENSG00000168769,MONDO_0018874,literature,0.9792,1355
ENSG00000168769,MONDO_0018874,somatic_mutation,0.7078,4
ENSG00000171456,MONDO_0018874,genetic_association,0.9236,12
ENSG00000171456,MONDO_0018874,literature,0.9688,958
ENSG00000171456,MONDO_0018874,somatic_mutation,0.7478,4
ENSG00000177084,MONDO_0018874,known_drug,0.9642,794
ENSG00000177084,MONDO_0018874,literature,0.0152,2
ENSG00000177084,MONDO_0018874,somatic_mutation,0.4562,1
ENSG00000179295,MONDO_0018874,affected_pathway,0.3818,1
ENSG00000179295,MONDO_0018874,literature,0.9472,395
ENSG00000179295,MONDO_0018874,somatic_mutation,0.8038,5
ENSG00000179348,MONDO_0018874,genetic_association,0.8313,106
ENSG00000179348,MONDO_0018874,genetic_literature,0.8903,5
ENSG00000179348,MONDO_0018874,literature,0.9617,607
ENSG00000179348,MONDO_0018874,somatic_mutation,0.7643,5
ENSG00000181163,MONDO_0018874,affected_pathway,0.7604,2
ENSG00000181163,MONDO_0018874,animal_model,0.2842,1
ENSG00000181163,MONDO_0018874,genetic_association,0.0152,2
ENSG00000181163,MONDO_0018874,genetic_literature,0.3041,1
ENSG00000181163,MONDO_0018874,known_drug,0.1217,1
ENSG00000181163,MONDO_0018874,literature,0.9886,4051
ENSG00000181163,MONDO_0018874,somatic_mutation,0.8055,20
ENSG00000182054,MONDO_0018874,affected_pathway,0.6083,1
ENSG00000182054,MONDO_0018874,genetic_association,0.3247,3
ENSG00000182054,MONDO_0018874,known_drug,0.8097,27
ENSG00000182054,MONDO_0018874,literature,0.9858,1917
ENSG00000182054,MONDO_0018874,somatic_mutation,0.7833,4
ENSG00000183258,MONDO_0018874,genetic_association,0.9112,24
ENSG00000183258,MONDO_0018874,literature,0.8989,158
ENSG00000213281,MONDO_0018874,affected_pathway,0.5849,2
ENSG00000213281,MONDO_0018874,literature,0.8143,945
ENSG00000213281,MONDO_0018874,somatic_mutation,0.8106,8
ENSG00000245848,MONDO_0018874,affected_pathway,0.3557,1
ENSG00000245848,MONDO_0018874,animal_model,0.4081,3
ENSG00000245848,MONDO_0018874,genetic_association,0.8932,949
ENSG00000245848,MONDO_0018874,genetic_literature,0.7978,8
ENSG00000245848,MONDO_0018874,literature,0.986,1724
ENSG00000245848,MONDO_0018874,somatic_mutation,0.8508,34
ENSG00000012048,MONDO_0021115,literature,0.0287,3
ENSG00000012048,MONDO_0021115,somatic_mutation,0.4562,1
ENSG00000038219,MONDO_0021115,genetic_association,0.5152,1
ENSG00000046889,MONDO_0021115,somatic_mutation,0.4562,1
ENSG00000055609,MONDO_0021115,somatic_mutation,0.4562,1
ENSG00000065559,MONDO_0021115,somatic_mutation,0.4562,1
ENSG00000066468,MONDO_0021115,genetic_association,0.6869,2
ENSG00000066468,MONDO_0021115,literature,0.0122,1
ENSG00000091831,MONDO_0021115,genetic_association,0.6083,6
ENSG00000091831,MONDO_0021115,literature,0.0392,3
ENSG00000091831,MONDO_0021115,somatic_mutation,0.4562,1
ENSG00000095015,MONDO_0021115,genetic_association,0.4037,2
ENSG00000095015,MONDO_0021115,somatic_mutation,0.3041,1
ENSG00000103460,MONDO_0021115,genetic_association,0.6832,2
ENSG00000107485,MONDO_0021115,somatic_mutation,0.4562,1
ENSG00000108384,MONDO_0021115,somatic_mutation,0.4562,1
ENSG00000117713,MONDO_0021115,somatic_mutation,0.4562,1
ENSG00000118058,MONDO_0021115,somatic_mutation,0.4562,1
ENSG00000118245,MONDO_0021115,genetic_association,0.4806,2
ENSG00000120262,MONDO_0021115,genetic_association,0.5045,5
ENSG00000121879,MONDO_0021115,somatic_mutation,0.6083,1
ENSG00000127616,MONDO_0021115,somatic_mutation,0.4562,1
ENSG00000129514,MONDO_0021115,somatic_mutation,0.4562,1
ENSG00000130592,MONDO_0021115,genetic_association,0.4953,1
ENSG00000139618,MONDO_0021115,literature,0.0774,3
ENSG00000139618,MONDO_0021115,somatic_mutation,0.4562,1
ENSG00000141510,MONDO_0021115,somatic_mutation,0.4562,1
ENSG00000153201,MONDO_0021115,somatic_mutation,0.4562,1
ENSG00000159216,MONDO_0021115,somatic_mutation,0.4562,1
ENSG00000164749,MONDO_0021115,genetic_association,0.4733,1
ENSG00000169184,MONDO_0021115,genetic_association,0.566,1
ENSG00000171094,MONDO_0021115,somatic_mutation,0.4562,1
ENSG00000171862,MONDO_0021115,somatic_mutation,0.4562,1
ENSG00000178568,MONDO_0021115,somatic_mutation,0.4562,1
ENSG00000184675,MONDO_0021115,somatic_mutation,0.4562,1
ENSG00000212993,MONDO_0021115,genetic_association,0.5234,2
ENSG00000015133,MONDO_0021116,genetic_association,0.5524,2
ENSG00000064763,MONDO_0021116,genetic_association,0.5875,3
ENSG00000066468,MONDO_0021116,genetic_association,0.7047,3
ENSG00000078403,MONDO_0021116,genetic_association,0.6433,4
ENSG00000079308,MONDO_0021116,genetic_association,0.6184,2
ENSG00000091831,MONDO_0021116,genetic_association,0.4962,3
ENSG00000091831,MONDO_0021116,literature,0.0855,13
ENSG00000091831,MONDO_0021116,somatic_mutation,0.3041,1
ENSG00000095015,MONDO_0021116,genetic_association,0.6412,4
ENSG00000095015,MONDO_0021116,somatic_mutation,0.4562,1
ENSG00000103460,MONDO_0021116,genetic_association,0.5398,1
ENSG00000108175,MONDO_0021116,genetic_association,0.6637,2
ENSG00000112996,MONDO_0021116,genetic_association,0.58,6
ENSG00000114861,MONDO_0021116,genetic_association,0.4428,1
ENSG00000114861,MONDO_0021116,somatic_mutation,0.4562,1
ENSG00000118245,MONDO_0021116,genetic_association,0.5613,4
ENSG00000121858,MONDO_0021116,genetic_association,0.5983,2
ENSG00000121879,MONDO_0021116,somatic_mutation,0.6083,1
ENSG00000123106,MONDO_0021116,genetic_association,0.6507,4
ENSG00000135111,MONDO_0021116,genetic_association,0.6423,2
ENSG00000140718,MONDO_0021116,genetic_association,0.709,2
ENSG00000147883,MONDO_0021116,genetic_association,0.5369,2
ENSG00000150995,MONDO_0021116,genetic_association,0.5152,2
ENSG00000152217,MONDO_0021116,genetic_association,0.5351,2
ENSG00000163491,MONDO_0021116,genetic_association,0.5831,2
ENSG00000163513,MONDO_0021116,genetic_association,0.5203,1
ENSG00000164749,MONDO_0021116,genetic_association,0.6504,3
ENSG00000168594,MONDO_0021116,genetic_association,0.6434,2
ENSG00000169946,MONDO_0021116,genetic_association,0.549,1
ENSG00000174307,MONDO_0021116,genetic_association,0.5578,1
ENSG00000174371,MONDO_0021116,genetic_association,0.5518,1
ENSG00000179023,MONDO_0021116,genetic_association,0.5492,1
ENSG00000180530,MONDO_0021116,genetic_association,0.6614,3
ENSG00000198807,MONDO_0021116,genetic_association,0.5196,2
ENSG00000012048,Orphanet_145,animal_model,0.402,3
ENSG00000012048,Orphanet_145,genetic_association,0.9103,8302
ENSG00000012048,Orphanet_145,genetic_literature,0.8861,14
ENSG00000012048,Orphanet_145,literature,0.3748,541
ENSG00000020922,Orphanet_145,genetic_association,0.8315,54
ENSG00000020922,Orphanet_145,literature,0.035,2
ENSG00000039068,Orphanet_145,genetic_association,0.6198,98
ENSG00000039068,Orphanet_145,literature,0.0427,8
ENSG00000076242,Orphanet_145,genetic_association,0.8798,114
ENSG00000076242,Orphanet_145,literature,0.0464,18
ENSG00000083093,Orphanet_145,genetic_association,0.9343,251
ENSG00000083093,Orphanet_145,genetic_literature,0.784,4
ENSG00000083093,Orphanet_145,literature,0.172,41
ENSG00000095002,Orphanet_145,genetic_association,0.8332,120
ENSG00000095002,Orphanet_145,literature,0.0463,16
ENSG00000104320,Orphanet_145,animal_model,0.343,1
ENSG00000104320,Orphanet_145,genetic_association,0.8749,75
ENSG00000104320,Orphanet_145,literature,0.0413,5
ENSG00000108384,Orphanet_145,animal_model,0.2497,1
ENSG00000108384,Orphanet_145,genetic_association,0.9017,129
ENSG00000108384,Orphanet_145,genetic_literature,0.8309,7
ENSG00000108384,Orphanet_145,literature,0.1535,20
ENSG00000113522,Orphanet_145,animal_model,0.3231,2
ENSG00000113522,Orphanet_145,genetic_association,0.8701,25
ENSG00000113522,Orphanet_145,literature,0.0386,6
ENSG00000116062,Orphanet_145,genetic_association,0.8805,143
ENSG00000116062,Orphanet_145,literature,0.044,12
ENSG00000118046,Orphanet_145,genetic_association,0.314,60
ENSG00000118046,Orphanet_145,genetic_literature,0.6083,1
ENSG00000118046,Orphanet_145,literature,0.0433,14
ENSG00000122512,Orphanet_145,genetic_association,0.8691,130
ENSG00000122512,Orphanet_145,literature,0.0453,13
ENSG00000132781,Orphanet_145,genetic_association,0.6691,2
ENSG00000132781,Orphanet_145,literature,0.039,6
ENSG00000136492,Orphanet_145,animal_model,0.2594,1
ENSG00000136492,Orphanet_145,genetic_association,0.9326,214
ENSG00000136492,Orphanet_145,literature,0.1496,14
ENSG00000138081,Orphanet_145,genetic_association,0.8761,132
ENSG00000138376,Orphanet_145,animal_model,0.2661,1
ENSG00000138376,Orphanet_145,genetic_association,0.927,151
ENSG00000138376,Orphanet_145,literature,0.0767,14
ENSG00000139618,Orphanet_145,genetic_association,0.873,14280
ENSG00000139618,Orphanet_145,genetic_literature,0.9477,12
ENSG00000139618,Orphanet_145,literature,0.2708,328
ENSG00000141510,Orphanet_145,animal_model,0.4898,15
ENSG00000141510,Orphanet_145,genetic_association,0.9154,113
ENSG00000141510,Orphanet_145,genetic_literature,0.6083,1
ENSG00000141510,Orphanet_145,literature,0.1269,40
ENSG00000149311,Orphanet_145,animal_model,0.3572,1
ENSG00000149311,Orphanet_145,genetic_association,0.9082,526
ENSG00000149311,Orphanet_145,literature,0.0603,30
ENSG00000166323,Orphanet_145,genetic_association,0.9033,186
ENSG00000171862,Orphanet_145,animal_model,0.639,10
ENSG00000171862,Orphanet_145,genetic_association,0.7512,38
ENSG00000171862,Orphanet_145,genetic_literature,0.6083,1
ENSG00000171862,Orphanet_145,literature,0.0527,18
ENSG00000183765,Orphanet_145,genetic_association,0.9336,197
ENSG00000183765,Orphanet_145,genetic_literature,0.6083,1
ENSG00000183765,Orphanet_145,literature,0.0862,24
ENSG00000185379,Orphanet_145,genetic_association,0.8663,123
ENSG00000185379,Orphanet_145,genetic_literature,0.8144,5
ENSG00000185379,Orphanet_145,literature,0.079,11
ENSG00000187790,Orphanet_145,genetic_association,0.6435,25
ENSG00000187790,Orphanet_145,literature,0.0456,2
ENSG00000189167,Orphanet_145,genetic_association,0.5982,4
ENSG00000189283,Orphanet_145,genetic_association,0.5627,2
ENSG00000196584,Orphanet_145,genetic_association,0.6083,2
ENSG00000196584,Orphanet_145,literature,0.0122,1
ENSG00000196712,Orphanet_145,genetic_association,0.6118,15
ENSG00000196712,Orphanet_145,literature,0.0425,7
ENSG00000197299,Orphanet_145,genetic_association,0.6409,18
ENSG00000197299,Orphanet_145,literature,0.0122,1
ENSG00000248905,Orphanet_145,genetic_association,0.6096,3
ENSG00000012048,Orphanet_227535,genetic_association,0.9379,544
ENSG00000012048,Orphanet_227535,literature,0.2056,295
ENSG00000012048,Orphanet_227535,somatic_mutation,0.5519,3
ENSG00000039068,Orphanet_227535,genetic_association,0.9276,449
ENSG00000039068,Orphanet_227535,genetic_literature,0.3041,1
ENSG00000039068,Orphanet_227535,literature,0.6255,227
ENSG00000051180,Orphanet_227535,genetic_association,0.7107,5
ENSG00000051180,Orphanet_227535,literature,0.0447,5
ENSG00000076242,Orphanet_227535,genetic_association,0.8593,20
ENSG00000076242,Orphanet_227535,literature,0.0371,4
ENSG00000083093,Orphanet_227535,genetic_association,0.9391,5192
ENSG00000083093,Orphanet_227535,genetic_literature,0.9072,6
ENSG00000083093,Orphanet_227535,literature,0.1352,27
ENSG00000095002,Orphanet_227535,genetic_association,0.8747,20
ENSG00000095002,Orphanet_227535,literature,0.0378,4
ENSG00000103222,Orphanet_227535,genetic_association,0.7824,12
ENSG00000104320,Orphanet_227535,genetic_association,0.5975,3
ENSG00000104320,Orphanet_227535,literature,0.0226,3
ENSG00000113522,Orphanet_227535,genetic_association,0.7388,44
ENSG00000113522,Orphanet_227535,literature,0.1004,2
ENSG00000116062,Orphanet_227535,genetic_association,0.869,25
ENSG00000116062,Orphanet_227535,literature,0.04,3
ENSG00000121879,Orphanet_227535,genetic_association,0.8092,20
ENSG00000121879,Orphanet_227535,literature,0.1214,8
ENSG00000132781,Orphanet_227535,genetic_association,0.7108,7
ENSG00000133703,Orphanet_227535,animal_model,0.3521,2
ENSG00000133703,Orphanet_227535,genetic_association,0.8288,23
ENSG00000133703,Orphanet_227535,genetic_literature,0.6083,1
ENSG00000133703,Orphanet_227535,literature,0.0608,1
ENSG00000136492,Orphanet_227535,genetic_association,0.9391,6272
ENSG00000136492,Orphanet_227535,genetic_literature,0.7604,2
ENSG00000136492,Orphanet_227535,literature,0.0529,9
ENSG00000138081,Orphanet_227535,genetic_association,0.8672,22
ENSG00000138376,Orphanet_227535,genetic_association,0.9391,3452
ENSG00000138376,Orphanet_227535,genetic_literature,0.7604,2
ENSG00000138376,Orphanet_227535,literature,0.039,8
ENSG00000139618,Orphanet_227535,genetic_association,0.9391,2064
ENSG00000139618,Orphanet_227535,genetic_literature,0.9196,7
ENSG00000139618,Orphanet_227535,literature,0.1417,145
ENSG00000139618,Orphanet_227535,somatic_mutation,0.5564,3
ENSG00000141510,Orphanet_227535,animal_model,0.2942,1
ENSG00000141510,Orphanet_227535,genetic_association,0.925,112
ENSG00000141510,Orphanet_227535,genetic_literature,0.6083,1
ENSG00000141510,Orphanet_227535,literature,0.1372,41
ENSG00000141510,Orphanet_227535,somatic_mutation,0.8745,14
ENSG00000144554,Orphanet_227535,genetic_association,0.6995,2
ENSG00000144554,Orphanet_227535,literature,0.0719,4
ENSG00000148143,Orphanet_227535,genetic_association,0.6691,2
ENSG00000149311,Orphanet_227535,genetic_association,0.9586,6144
ENSG00000149311,Orphanet_227535,genetic_literature,0.7604,2
ENSG00000149311,Orphanet_227535,literature,0.1046,33
ENSG00000149311,Orphanet_227535,somatic_mutation,0.5779,1
ENSG00000160957,Orphanet_227535,genetic_association,0.5596,1
ENSG00000166323,Orphanet_227535,genetic_association,0.9575,2285
ENSG00000170836,Orphanet_227535,genetic_association,0.841,13
ENSG00000171862,Orphanet_227535,genetic_association,0.6915,4
ENSG00000171862,Orphanet_227535,literature,0.0904,15
ENSG00000181291,Orphanet_227535,genetic_association,0.5596,1
ENSG00000181291,Orphanet_227535,literature,0.0122,1
ENSG00000183765,Orphanet_227535,genetic_association,0.9391,3584
ENSG00000183765,Orphanet_227535,genetic_literature,0.7604,2
ENSG00000183765,Orphanet_227535,literature,0.1371,27
ENSG00000183765,Orphanet_227535,somatic_mutation,0.5018,2
ENSG00000185379,Orphanet_227535,genetic_association,0.6965,2
ENSG00000185379,Orphanet_227535,literature,0.0122,1
ENSG00000187790,Orphanet_227535,genetic_association,0.7617,3
ENSG00000187790,Orphanet_227535,literature,0.0182,1
ENSG00000198727,Orphanet_227535,genetic_association,0.6784,33
