,Factor1,Factor2,Factor3,Factor4,Factor5,Factor6,Factor7,Factor8,Factor9,Factor10,split
TCGA-AQ-A1H2,1.9026888608932495,2.4921648502349854,1.9208935499191284,-3.3479511737823486,-4.100236892700195,1.010780930519104,-3.1481735706329346,-1.1007702350616455,-2.0792672634124756,-1.3371107578277588,train
TCGA-A1-A0SF,1.0605484247207642,1.746492624282837,0.34741929173469543,1.2243380546569824,2.153383731842041,-0.6595596075057983,-0.3452727496623993,1.1820536851882935,-1.338539719581604,0.153273344039917,train
TCGA-AR-A255,0.7410913608074763,0.7151599358851036,-0.7296405961379797,1.0695698876419952,-0.14692257304755718,-0.6968666974721783,-0.5464544392359528,-0.009447786972978526,0.23346555328299598,-0.4609033960581627,test
TCGA-E2-A1BD,2.617778778076172,2.2039859294891357,2.2554726600646973,-0.8406878113746643,-3.1780495643615723,-1.0672128200531006,2.4383859634399414,1.5802679061889648,-0.4206355810165405,0.9187188744544983,train
TCGA-A2-A0YI,-0.052229635417461395,2.582329273223877,0.694502592086792,0.6032382249832153,3.286874771118164,-0.0679786205291748,0.8864519596099854,0.6149601340293884,0.7039691209793091,-0.7083033919334412,train
TCGA-BH-A0W5,-1.166914463043213,1.4572473764419556,0.6518199443817139,1.003227949142456,4.146196365356445,-0.5145968198776245,0.8535832762718201,0.569717288017273,0.4166288375854492,0.1457446664571762,train
TCGA-E9-A1N3,-2.2369863986968994,3.1783695220947266,2.3424744606018066,-0.8982782363891602,-1.5148484706878662,2.482417106628418,-3.1847994327545166,-1.4614567756652832,-0.4279768466949463,0.12797608971595764,train
TCGA-C8-A1HI,-0.2660057544708252,1.253592610359192,0.4622143805027008,0.25506940484046936,0.6197662949562073,0.5512391924858093,-0.3319658041000366,1.3591828346252441,0.2532482147216797,2.3477885723114014,train
TCGA-BH-A1FL,1.897850513458252,2.2859396934509277,-0.39468157291412354,-0.21943233907222748,-0.6011812686920166,-0.6647394895553589,-0.741322934627533,-0.2818320691585541,-2.600672721862793,1.3311060667037964,train
TCGA-E9-A1RI,-0.2854030132293701,2.290358543395996,0.14529955387115479,-0.4777565896511078,0.9070523381233215,0.20849397778511047,0.8777652382850647,0.6615134477615356,-0.34150293469429016,1.3897770643234253,train
TCGA-PE-A5DD,4.352138519287109,1.8278390169143677,0.9595984816551208,-0.2566651403903961,0.6938923001289368,-0.8725626468658447,3.043363571166992,-0.11047287285327911,0.3342774212360382,-0.8906341195106506,train
TCGA-D8-A27G,1.919413530209771,0.6961330407631968,-0.9750957181935357,0.216503087747732,0.8301830289404738,-0.8335330729311626,1.1999720329686447,-0.22656692847318446,0.2165694520765875,-0.1944671733101552,test
TCGA-D8-A1XA,1.1626954899369193,1.8830766033682576,0.041399159043875575,-0.7027697134847104,-0.9462893257739694,0.7700722823995957,-1.383483403460211,-0.572482263733797,-0.3083730089302574,-0.2114538182368514,test
TCGA-BH-A0AZ,-0.475602924823761,1.6159104108810425,-0.86953204870224,4.7414164543151855,-1.3023693561553955,0.24936789274215698,-1.6076023578643799,2.252042531967163,0.3246515691280365,0.08251985162496567,train
TCGA-E9-A245,-2.283726692199707,2.6911113262176514,-2.8965389728546143,-0.2732539176940918,-1.2304238080978394,2.8398494720458984,-2.6210286617279053,0.029382040724158287,-0.14683328568935394,0.36126962304115295,train
TCGA-BH-A1FH,-3.9043357372283936,0.9055201411247253,-3.7807891368865967,3.3412630558013916,0.31126850843429565,0.18166936933994293,1.7021383047103882,0.979867160320282,0.633826494216919,-0.42903560400009155,train
TCGA-EW-A1IX,-1.845709204673767,2.608140707015991,-4.747811317443848,0.6294736862182617,-0.04685709625482559,-0.4612705707550049,-2.2166013717651367,0.10984115302562714,0.24291536211967468,0.13964322209358215,train
TCGA-E9-A1N4,-1.7938448190689087,1.9745641946792603,0.18196551501750946,-0.607626736164093,-0.20321768522262573,-0.1420813351869583,-3.1299126148223877,-0.8524855375289917,-0.5229004621505737,-0.9058659672737122,train
TCGA-B6-A0RO,0.7500452995300293,1.9492323398590088,0.6302352547645569,-0.4721266031265259,-3.888859987258911,-0.9229953289031982,-1.6765096187591553,1.5229190587997437,0.8105531930923462,0.5596892237663269,train
TCGA-A7-A0CH,-2.9249637126922607,0.8030792474746704,1.9776434898376465,6.578201770782471,0.9605216383934021,-1.0993539094924927,1.701810359954834,-0.227382093667984,0.5311756134033203,-0.8869173526763916,train
TCGA-BH-A0BM,-3.7552239894866943,1.4375091791152954,-0.001911512459628284,3.9341881275177,-0.5987864136695862,-1.258114218711853,1.8768694400787354,1.074090600013733,0.4304945468902588,-1.0230222940444946,train
TCGA-EW-A2FV,0.45325303077697754,0.3112430274486542,0.19499889016151428,0.8375694751739502,1.7227023839950562,-0.24901065230369568,-2.263418436050415,0.4456309676170349,0.7323442101478577,-0.3232816755771637,train
TCGA-BH-A1EY,-3.188628911972046,1.143406867980957,-3.542963743209839,-1.2970644235610962,-1.1798313856124878,-1.9045661687850952,1.6563060283660889,-0.8799184560775757,0.7933796048164368,-0.883323073387146,train
TCGA-MS-A51U,-1.1004189252853394,1.957675814628601,1.3133606910705566,2.171657085418701,1.1949578523635864,-0.21814267337322235,-0.7023657560348511,1.6815495491027832,-0.8587449789047241,-0.3211004137992859,train
TCGA-C8-A1HE,1.4968067407608032,3.2650821208953857,-0.009660412557423115,-1.0464218854904175,-1.0510684251785278,-0.3207824230194092,2.968082904815674,0.576656699180603,-1.504715919494629,1.2523767948150635,train
TCGA-E2-A10B,1.2142857313156128,2.3960490226745605,2.149836778640747,-0.7867084741592407,-1.2040809392929077,0.4026342034339905,-0.06924199312925339,0.018777361139655113,0.5135697722434998,-0.33261948823928833,train
TCGA-AO-A12B,-0.2800321302065946,3.1216844854076817,1.5588065346128406,-2.625852643221238,-2.5178547119437873,1.8016881185856992,-1.078502567639113,-0.9348468730325533,-1.2899328981057607,-0.7571344208833378,test
TCGA-AN-A0XP,0.6122381389618311,2.5126682593476306,1.0336173332390393,-1.3111445151928136,-2.5100174417475993,-0.5580790055151739,-1.0923263953051079,-0.011610816096099088,-1.556449468793166,-0.3076519318077086,test
TCGA-HN-A2OB,0.4059523900745347,1.8250240624300993,-0.9195202481003436,2.636725553291867,-0.9016711518666328,-0.16017262964709353,0.9369060753407323,0.9179807713509814,-0.8357897645265416,0.12923153846065233,test
TCGA-A7-A3IZ,2.2696131162750426,3.3085908491624316,0.7921072223113121,-0.6850129704262894,-2.412520435816441,1.4928189138104713,-0.17932931456504583,-0.1639937863486004,-1.1701432705827042,-0.18469223525177245,test
TCGA-AR-A252,-0.860013484954834,0.5082275867462158,0.31774377822875977,1.7195358276367188,5.030045509338379,1.0646978616714478,0.6639359593391418,-1.074275016784668,0.3415314555168152,-0.6183795928955078,train
TCGA-BH-A1F5,-2.2826099395751953,2.489287853240967,2.4321482181549072,-1.55100417137146,-1.162668228149414,0.05365390703082085,0.8987513780593872,0.5018056631088257,0.5296421051025391,0.2365700751543045,train
TCGA-AR-A24T,2.0348622798919678,1.5352137088775635,-2.3005318641662598,0.6476013660430908,-0.4109637141227722,0.7056756615638733,2.9279985427856445,0.7076559662818909,0.44984400272369385,-0.4441418945789337,train
TCGA-S3-A6ZH,1.8183302879333496,1.5935518741607666,1.8362360000610352,-1.4651051759719849,-0.15373313426971436,1.4174983501434326,-3.529461145401001,0.34570980072021484,-1.1365166902542114,0.12288500368595123,train
TCGA-A2-A0YC,1.546262264251709,2.7023582458496094,-4.5283050537109375,-0.924774169921875,-0.41402730345726013,0.35418805480003357,-1.946231484413147,-0.8356640338897705,0.8483754396438599,-0.3476143181324005,train
TCGA-EW-A1J2,-0.2815500980896229,1.6915982402017498,-1.5698892955257244,1.7256944189521304,-0.9271103707412087,-0.15979313868652498,0.054359402305266306,0.781806969953275,-0.7608312736506943,0.1785413519034141,test
TCGA-LD-A74U,0.7984922528266907,0.9404951930046082,-1.1993061304092407,2.419828176498413,-1.3525363206863403,-1.188119649887085,2.2344508171081543,1.1973047256469727,0.05954080447554588,-0.8109736442565918,train
TCGA-D8-A1JH,-1.2879137992858887,2.511199474334717,0.6173787713050842,1.0445690155029297,0.4006366431713104,-0.1786380559206009,1.5193766355514526,0.27824661135673523,0.268217533826828,0.7235103845596313,train
TCGA-E9-A1RC,2.939974069595337,-0.40565943717956543,-1.1402169466018677,6.715022087097168,-3.3903648853302,0.6374465823173523,3.1157660484313965,-5.763055801391602,-0.5654103755950928,1.709032416343689,train
TCGA-E9-A1R3,-2.040327787399292,1.630299687385559,0.1949480175971985,-1.5277987718582153,-1.777342438697815,-0.6296940445899963,-2.2589755058288574,0.23891666531562805,-1.8007400035858154,0.6121662855148315,train
TCGA-BH-A0AY,-3.457475185394287,0.6050665974617004,-2.3431477546691895,6.653111457824707,0.9151919484138489,0.4510534703731537,1.9949560165405273,0.3444148302078247,0.8221710324287415,-0.7491981983184814,train
TCGA-BH-A1FE,-0.046642523258924484,-0.203327938914299,-0.69551682472229,5.518482685089111,-0.1827501654624939,0.2423679381608963,0.0016673640348017216,0.7882948517799377,-0.2751717269420624,0.11020808666944504,train
TCGA-GM-A2DC,2.509575843811035,2.0058984756469727,-0.42382270097732544,-1.4173436164855957,-0.7075872421264648,2.67134952545166,-0.6643801331520081,-0.6207764744758606,1.2262301445007324,0.1850346475839615,train
TCGA-BH-A0BA,1.025298913887955,1.4896341938470083,-0.38023239859700436,1.681389390540515,0.24904087431916588,-1.2932513275086575,-0.7172623660845968,0.9535190018338245,1.1571805582362702,-0.053844829813274465,test
TCGA-D8-A1JS,-0.05985256539414665,3.819537032429787,1.715018653582084,-2.296118604637415,-3.8995685500396484,0.38803056225527843,-1.1843145890966271,0.20739425491739913,-1.626836840480525,-0.0010522474517215736,test
TCGA-BH-A0DH,3.7873775959014893,1.0464969873428345,0.6967689990997314,6.705294132232666,-0.7318494915962219,0.663350522518158,-1.8754875659942627,1.0473147630691528,0.7326681017875671,-2.0888383388519287,train
TCGA-BH-A28Q,1.1857905387878418,2.793578863143921,-0.20450977981090546,-0.43316885828971863,-0.49895286560058594,-0.01255385484546423,1.7334338426589966,0.05939788371324539,-1.9274277687072754,0.986528217792511,train
TCGA-AR-A2LJ,-1.1753897666931152,1.5963270664215088,-1.819226622581482,2.019916534423828,1.5214660167694092,0.043406400829553604,2.1652095317840576,0.5377097725868225,-0.014547288417816162,0.4025781452655792,train
TCGA-E2-A15J,1.8325634002685547,2.835453510284424,1.5697321891784668,-3.200812816619873,-4.892581462860107,-0.4259115159511566,2.120790719985962,-0.4022638201713562,-2.6093549728393555,-0.1790628433227539,train
TCGA-AR-A24O,-1.1842988729476929,2.002922534942627,-0.05400535464286804,2.9601492881774902,0.39840880036354065,-0.6365864276885986,-1.451345682144165,-0.003235633485019207,-0.3647053837776184,-0.05275588482618332,train
TCGA-EW-A1PE,-0.4898479265880398,2.1147983799215253,0.6317562051564742,-1.0777998185795112,1.842361722662069,-0.6481895529107373,-0.9116612974745961,0.06077755320866013,-0.6833742986331903,-5.1991547005668846e-05,test
TCGA-BH-A0DG,0.16443081873364518,1.05608774141926,-0.041842843646151075,2.7277701433640735,0.16509286748274835,0.983968917447454,0.8026058780914234,0.20420915317480545,0.6392111752548068,0.19575501975542597,test
TCGA-A7-A3J1,-0.0020927265286445618,2.211130142211914,0.0340653695166111,1.3761816024780273,1.551828145980835,-0.6200430989265442,-0.2336135059595108,-0.3512951731681824,-1.6640769243240356,-0.5977509617805481,train
TCGA-D8-A1XD,0.5885552763938904,1.6510072946548462,1.8424838781356812,-1.3135725259780884,-1.0685157775878906,1.986886978149414,0.18156352639198303,0.572151243686676,0.7845578193664551,3.034086227416992,train
TCGA-AR-A1AK,0.3757876455783844,1.877936840057373,1.1476496458053589,1.367207646369934,-0.2699270248413086,1.0542192459106445,1.7398107051849365,0.5311983823776245,-0.5854328274726868,-0.22651781141757965,train
TCGA-BH-A0HP,1.1758943796157837,1.8870145082473755,0.653275191783905,1.5184824466705322,-0.8484798669815063,-1.1245472431182861,0.8791606426239014,1.3505266904830933,-0.7568238973617554,0.12974286079406738,train
TCGA-EW-A1PA,1.5082650184631348,1.3052095174789429,-1.4266221523284912,-0.40191107988357544,2.4477808475494385,2.111900568008423,0.754412055015564,0.14917078614234924,0.5804820656776428,0.7207023501396179,train
TCGA-4H-AAAK,-0.14719048142433167,1.697502613067627,1.2706763744354248,0.1563909649848938,-0.12982915341854095,-0.08293967694044113,-0.24513985216617584,1.273297905921936,-0.7963528633117676,1.4544508457183838,train
TCGA-AO-A0JC,-0.5701694632751064,0.9572262657975802,0.21111570838657304,0.03023321832793228,4.959178329150135,0.6706485171390361,0.8183981922498854,-0.5871637273761435,0.003902298904592575,-1.0860665002016754,test
TCGA-PE-A5DE,-0.19203664362430573,1.9543815851211548,0.7595496773719788,-0.31333062052726746,4.279546737670898,-0.30352532863616943,-1.4267470836639404,0.12114793807268143,-0.7711912393569946,-1.4398328065872192,train
TCGA-D8-A73W,0.28724098205566406,1.8613611459732056,0.2593373954296112,-1.3912131786346436,-1.6197445392608643,0.1116769090294838,-0.6309026479721069,-1.6391056776046753,-3.18611478805542,-2.3165314197540283,train
TCGA-BH-A1EU,-1.612877868369625,1.8432158945594448,0.13331328597707112,1.9480725726662296,-0.3306614865342213,-0.04514032610091203,0.7326807008733892,0.04212534860566422,-0.34723208409365514,-0.6070844444457758,test
TCGA-A2-A0T4,1.5664373876146038,1.527390207632746,-1.1307619094332149,1.7516636225081694,0.39207176909621694,0.08101720893482363,1.8771495826112303,-0.4453333718730738,0.7204034676322374,-0.05364886743160554,test
TCGA-AC-A3TM,1.0088797807693481,2.009279251098633,1.883135199546814,-0.3783801198005676,-0.33126696944236755,-0.31021350622177124,0.7042040228843689,2.1955978870391846,-1.4037245512008667,0.35315850377082825,train
TCGA-GM-A3NY,1.9402275085449219,2.0516228675842285,-1.8370800018310547,0.8539840579032898,-0.4024036228656769,-0.9555222392082214,1.2065585851669312,1.7080535888671875,-0.903343677520752,0.1907900869846344,train
TCGA-D8-A1XU,0.5509409461534654,1.6092545394545998,0.48766167503487634,-0.613725286427245,-1.0725780157305416,-0.4952406146398634,0.04065807607382491,0.15081895409644944,0.5313058841438537,0.014244386234195336,test
TCGA-E9-A1R5,2.5667219161987305,1.206180214881897,1.2722480297088623,-1.495199203491211,-2.451378107070923,-0.6909826993942261,2.913078546524048,-1.5608668327331543,-0.3883436620235443,0.9185464978218079,train
TCGA-E9-A1NG,-2.1267006397247314,0.678792417049408,-3.820650100708008,-1.4318592548370361,-2.592789888381958,-1.706634283065796,-2.0783908367156982,-0.5377978682518005,0.49881231784820557,-0.3610566556453705,train
TCGA-BH-A0E1,-1.1708091497421265,2.49027156829834,-2.139096736907959,-0.21077339351177216,-2.4921443462371826,1.094420313835144,1.4298312664031982,1.375833511352539,-1.669333815574646,0.30294618010520935,train
TCGA-AR-A2LN,-0.3727695941925049,2.046264171600342,-4.319328784942627,3.8599023818969727,1.4776853322982788,-1.2926393747329712,-0.16935783624649048,0.195846825838089,-1.216943383216858,-0.02101912908256054,train
TCGA-C8-A273,0.7388167909882125,1.370773185705203,-0.23398126991968868,-0.7192267033066431,0.12366169380453722,1.0987322910361323,-1.3862180435472375,-0.1749899983487019,0.7418665948042812,0.5814340560145977,test
TCGA-E9-A227,-2.119770050048828,2.2074787616729736,0.9213006496429443,0.14742350578308105,0.059464626014232635,-0.08377303928136826,-2.6421775817871094,-0.7156439423561096,-1.5605052709579468,0.04766598716378212,train
TCGA-E9-A247,3.510148048400879,1.286271572113037,2.1737513542175293,-1.010624885559082,-2.7156922817230225,2.1702778339385986,2.9943556785583496,0.26962098479270935,0.2112087458372116,0.4356941282749176,train
TCGA-E9-A5UP,1.9633036851882935,1.6073442697525024,-0.4026396870613098,-4.031287670135498,-4.6741623878479,0.23792965710163116,1.7081795930862427,-0.6774134039878845,-2.591768980026245,0.01234366837888956,train
TCGA-A2-A0EU,0.8773010488036816,1.9233254198913332,-1.3687497957965415,0.30822905073564516,-1.1433886572183078,0.8866296706172836,-0.5281178070076916,-0.29824885288499897,0.3663787923678474,0.705688590452111,test
TCGA-AR-A1AL,-0.9087845683097839,2.2331297397613525,-2.385441541671753,2.8045876026153564,-0.5910446047782898,-0.6153997182846069,-0.6042163372039795,1.3329312801361084,-0.6998138427734375,-0.45671340823173523,train
TCGA-BH-A1ET,0.36231324076652527,2.9538164138793945,1.1455596685409546,0.12908793985843658,-0.2710334360599518,-0.5977644324302673,-3.1928818225860596,0.5186806321144104,0.5081191658973694,0.8229336738586426,train
TCGA-BH-A0B6,0.5099383592605591,0.9925356507301331,-0.364681214094162,-1.0817183256149292,5.480919361114502,-0.6023222208023071,0.22855128347873688,-0.4054426848888397,-0.171028271317482,-0.15732869505882263,train
TCGA-A2-A25D,1.2929574251174927,0.7842196822166443,0.6906575560569763,-0.10261732339859009,2.2580864429473877,0.02346762642264366,1.0714471340179443,-0.9993354082107544,-0.8459450602531433,0.3647494912147522,train
TCGA-BH-A42V,0.5862261056900024,1.6920431852340698,0.3832587003707886,3.0379552841186523,0.16651247441768646,0.3891311585903168,1.2370951175689697,1.2904722690582275,1.0492374897003174,-0.4387277066707611,train
TCGA-AC-A5XS,0.7738139033317566,0.8960084915161133,0.6097444891929626,0.7095309495925903,2.106243133544922,-0.9445114731788635,-1.5338292121887207,-0.27604085206985474,0.9412899613380432,-1.0466185808181763,train
TCGA-D8-A1XG,-2.071847438812256,2.240823745727539,1.2291854619979858,-1.6337275505065918,-5.065798282623291,2.5582332611083984,0.7329989075660706,0.9272581338882446,-1.5831873416900635,-0.6750426292419434,train
TCGA-D8-A27E,-3.3623344898223877,2.9543890953063965,0.38614580035209656,-2.6699302196502686,-1.9699288606643677,2.0335230827331543,-0.40450456738471985,-1.3289364576339722,-0.9180164933204651,-0.6619358062744141,train
TCGA-C8-A26Z,1.1497953266480507,1.7154492029035524,0.16874269070504422,-1.6457565941369314,-0.33264564620551357,1.4579620396740889,-2.810173850738064,-0.07212322430691855,1.9133980033541373,1.405535132560157,test
TCGA-GM-A3XG,-2.8598508834838867,1.3680570125579834,-2.4541256427764893,3.045255184173584,-4.540177822113037,0.1691233217716217,1.7240426540374756,3.1017496585845947,0.7728288173675537,-0.8047150373458862,train
TCGA-D8-A1XY,-0.3418445921184469,0.941142922481098,0.44032892649530275,-0.6680469622308075,-1.6230514817957642,-0.0685327480927757,-3.516178866095212,-0.17533655179136196,0.25687360060718606,0.11890205207703337,test
TCGA-AR-A24W,-2.554891347885132,1.5697072744369507,-2.1512725353240967,3.988044500350952,-0.6655955910682678,-0.0029617142863571644,-0.02792031690478325,1.5641405582427979,0.1386488825082779,0.13458578288555145,train
TCGA-LL-A50Y,1.552573323249817,2.984185218811035,1.163861632347107,-1.7257285118103027,0.42786097526550293,-0.9629918336868286,1.646115779876709,0.5160775780677795,-1.1542980670928955,0.01832626946270466,train
TCGA-BH-A0BC,-3.72698974609375,1.2891379594802856,0.1748468279838562,-0.024233004078269005,0.6996409296989441,0.3064623177051544,1.8481600284576416,0.41464290022850037,0.5577747821807861,-1.069750189781189,train
TCGA-AR-A24P,0.26891395449638367,1.5069345235824585,0.8879198431968689,-0.6221629977226257,0.4422423243522644,-0.13434581458568573,1.4745795726776123,0.920673131942749,-1.7182252407073975,0.789230227470398,train
TCGA-D8-A1XO,-0.7797325253486633,2.5235514640808105,0.5156949162483215,-1.003178358078003,-0.10207017511129379,-1.4042415618896484,-0.25056901574134827,0.29751166701316833,-1.5893858671188354,1.017982006072998,train
TCGA-D8-A1XB,0.22729116654674408,1.433466561568031,-0.13524627013709103,0.21999144337288187,-1.36740237527706,-0.6696260234812748,0.03500882063115834,1.1042263367424232,0.02662423857161537,0.789610189963481,test
TCGA-A1-A0SJ,1.6930333375930786,1.605912685394287,0.6978558897972107,1.8127131462097168,1.7533586025238037,1.3121012449264526,2.633775234222412,-0.39212244749069214,0.7879830598831177,0.7760682106018066,train
TCGA-5L-AAT1,0.7892870903015137,0.9565612077713013,1.2515356540679932,-0.5013580322265625,2.5291638374328613,-1.4656622409820557,0.24297277629375458,0.5865116715431213,-0.777097225189209,-1.0184000730514526,train
TCGA-OL-A66J,1.5973984003067017,1.9358843564987183,-0.7006808519363403,2.3093819618225098,-2.5956268310546875,1.2242064476013184,-2.81598162651062,-1.1536107063293457,1.944211721420288,-1.7925795316696167,train
TCGA-LL-A6FQ,2.281497214170327,2.1691461669996115,0.7686848152670565,-1.8845938398736184,-2.5221495687703146,-0.40433221282026227,-2.10550126541334,0.01721787745912721,-0.0017519856024754237,-0.6891278707305427,test
TCGA-3C-AALK,2.0674803256988525,1.4114716053009033,-0.5659907460212708,0.26013821363449097,1.0741955041885376,-0.9288465976715088,1.0515265464782715,1.6959095001220703,0.6349979043006897,-0.26549032330513,train
TCGA-A7-A4SA,-1.609784722328186,1.2038203477859497,0.05940895155072212,1.2329678535461426,0.9516510367393494,0.5072413086891174,-1.857172966003418,-0.32366371154785156,0.49013039469718933,-0.5173308253288269,train
TCGA-GM-A2DL,1.5845175981521606,0.8036437034606934,-0.1419076919555664,0.4490209221839905,-2.6954503059387207,-1.4329793453216553,0.9455967545509338,-1.9655630588531494,-0.2918173372745514,-0.8874922394752502,train
TCGA-E9-A22B,1.6781882047653198,1.0866899490356445,1.4183028936386108,-0.0577206164598465,-2.1403791904449463,1.9474526643753052,2.3261630535125732,-1.2850013971328735,1.5949456691741943,0.7630602717399597,train
TCGA-AR-A24S,-0.9132792353630066,0.4848730266094208,1.1864897012710571,-0.04391144961118698,-0.4043075144290924,-1.5626167058944702,-3.9228906631469727,-1.476786494255066,-0.7390496730804443,0.777741014957428,train
TCGA-D8-A1X6,0.31883740425109863,2.6086366176605225,2.156614065170288,-3.4240705966949463,-3.303086280822754,1.0565396547317505,-4.839602947235107,-1.6701387166976929,0.04331975802779198,0.055759381502866745,train
TCGA-AO-A0JM,3.52681303024292,0.757757306098938,-3.334650754928589,-1.9986250400543213,-0.9324948191642761,-0.9674967527389526,0.6676444411277771,-0.946772038936615,0.10901667922735214,-0.6107693314552307,train
TCGA-E9-A249,0.0013249046169221401,2.1888279914855957,0.35509562492370605,-2.7054996490478516,-2.100144147872925,-0.6008425354957581,0.31164735555648804,-0.376446932554245,-2.760517120361328,1.006294846534729,train
TCGA-BH-A0C0,-3.0696771144866943,-0.2739170789718628,1.1023399829864502,-2.0092761516571045,3.4401917457580566,-1.1864839792251587,1.8485926389694214,-0.31598934531211853,0.8105209469795227,-0.5754361748695374,train
TCGA-A2-A0YG,3.526148796081543,-0.3981393873691559,1.7824076414108276,-1.7488348484039307,-0.3745088577270508,-2.1139957904815674,1.0055794715881348,0.38259491324424744,2.0070693492889404,0.9249418377876282,train
TCGA-AR-A24Z,2.357835531234741,1.5412943363189697,2.2854959964752197,-2.003387212753296,-2.3973066806793213,-0.10629475116729736,-4.408456802368164,-0.659492015838623,0.7098016738891602,0.03249470517039299,train
TCGA-AR-A24R,1.268774725461492,1.2720174277185796,0.715719393702734,-0.7052867748535733,0.48244937939746496,0.6978847140483672,-0.3680443853761381,-0.9787984554791413,0.04767731583034381,-0.11911846581672579,test
TCGA-EW-A1OZ,3.963127613067627,-0.12006986141204834,-0.20159903168678284,-1.7736570835113525,-0.7764814496040344,-1.3120824098587036,0.7294813394546509,-1.1098307371139526,1.2087602615356445,0.5667431950569153,train
TCGA-A2-A1FW,3.577604293823242,1.2949711084365845,1.0829565525054932,0.14878448843955994,1.165712594985962,1.4893449544906616,-0.9873291850090027,-1.0212538242340088,1.6326709985733032,1.7907649278640747,train
TCGA-D8-A1Y3,3.2524263858795166,-0.8371866345405579,2.0718207359313965,-3.5846259593963623,-0.6313954591751099,0.20464079082012177,1.4049526453018188,-1.5912948846817017,0.21894696354866028,-0.2918815314769745,train
TCGA-C8-A8HQ,2.8153624534606934,0.30415359139442444,2.239694356918335,-1.280084490776062,1.8884823322296143,0.12306477874517441,0.3324440121650696,0.21422427892684937,1.3084652423858643,-0.9383181929588318,train
TCGA-A2-A1G4,2.3823699951171875,2.4550411701202393,1.1262249946594238,-1.3710535764694214,1.9455443620681763,2.114818572998047,2.30586838722229,-0.5562822818756104,0.4722878336906433,1.167532205581665,train
TCGA-AO-A1KT,1.652994142977316,0.7580791094263918,1.0038179905850237,-1.2767860187473,-1.1950549153014638,0.3435513575783689,-0.9639072916373483,-0.8489262865178083,-0.4810103096247292,-0.011935831183248443,test
TCGA-E9-A5UO,2.159511214371259,2.4414359046169523,1.266790357194158,-1.6350949365295884,-2.934741396369588,2.4999292090507548,-1.986124265792337,-0.9867567123980967,0.48157601700552605,-0.508872062556165,test
TCGA-BH-A1FN,-2.3339567087775257,-0.8248113809275432,-0.3546484704110795,2.8154012641038206,-0.022990643998094102,-0.08888699707579771,0.6875467555519301,0.21535687498106695,0.04847177899864391,-0.22047268951272392,test
TCGA-D8-A1JI,1.8046045303344727,3.6587893962860107,2.0817692279815674,-2.378514289855957,-2.807741165161133,3.087533950805664,-5.103504180908203,-1.2654082775115967,0.27327173948287964,-1.3985756635665894,train
TCGA-E9-A2JS,3.8036978244781494,0.3656415045261383,1.0820783376693726,-2.2431907653808594,-2.1408605575561523,1.5801267623901367,3.635301113128662,-0.5339788794517517,1.9757111072540283,0.18044604361057281,train
TCGA-S3-AA17,2.1620421409606934,1.0042657852172852,1.8427964448928833,-2.4226770401000977,6.174065589904785,1.0707008838653564,2.831766128540039,-0.6168007254600525,-0.2275063842535019,-1.2839432954788208,train
TCGA-AO-A03N,1.3875451048028733,0.9093972114925192,0.8084793907698574,-1.7893523643116207,-1.3851599067392588,-1.4537679943721276,-1.5020275175975062,0.2724938374416683,0.03929069188364139,0.2988681515662042,test
TCGA-GM-A2DO,-0.5394068956375122,0.6230217218399048,1.6109910011291504,-2.146135091781616,5.472997665405273,1.7323634624481201,-0.47201746702194214,-0.592225193977356,1.3958135843276978,-1.918614387512207,train
TCGA-C8-A1HL,1.6957915644343007,1.2459290636778162,1.102273077007728,-1.6556294248441752,-1.084261358874378,0.1664243689416247,-2.740218707316535,-0.8514599767084868,0.812896470898336,0.7335061219593187,test
TCGA-AR-A250,3.5970537662506104,0.06114678084850311,-0.6486197710037231,-2.2672207355499268,1.0866037607192993,-0.2752002477645874,0.8083765506744385,-0.18535378575325012,1.192342758178711,0.12959545850753784,train
TCGA-AR-A0TV,3.2588489055633545,0.8724629282951355,0.3967491090297699,-3.859804630279541,2.743239402770996,2.074517011642456,1.1706185340881348,-1.8123688697814941,-1.0855659246444702,-0.5351795554161072,train
TCGA-C8-A27A,2.107867213981771,-0.29912271651306394,1.0775880769757695,-2.113626122118689,-1.334461343544459,2.5997288799733096,-1.5225461489901002,-1.02368929951837,2.5226668740447287,1.1608086641851025,test
TCGA-E9-A22E,-1.616205096244812,0.6650413870811462,-0.1309608370065689,-1.6934829950332642,-0.1386016607284546,-1.2618825435638428,-3.143557548522949,-1.2620930671691895,-0.5196733474731445,0.6022400259971619,train
TCGA-D8-A1JC,0.2863787114620209,0.5011022686958313,1.9324709177017212,-1.7360056638717651,-0.4820134937763214,0.4415256679058075,-5.152277946472168,0.25458279252052307,2.263482093811035,0.6105940937995911,train
TCGA-AR-A0U2,1.980694055557251,-0.5791791081428528,-5.107790946960449,-2.9218101501464844,-0.9130117297172546,1.4494682550430298,-2.8994998931884766,-1.6358039379119873,2.919121265411377,1.4151010513305664,train
TCGA-C8-A1HG,-0.601203978061676,-0.24313251674175262,0.06824015825986862,-2.7201430797576904,4.933878421783447,2.2270829677581787,-2.9701030254364014,-1.1180044412612915,2.516956329345703,2.081813335418701,train
TCGA-A2-A0SW,2.244105100631714,-0.07727008312940598,1.8323537111282349,-1.352250099182129,6.452850341796875,-1.743744969367981,-1.9809186458587646,-1.1007500886917114,-0.32040292024612427,-1.167112946510315,train
TCGA-D8-A1Y1,1.5101029872894287,1.2040910720825195,1.0860751867294312,-2.8750576972961426,-4.337383270263672,-0.5254084467887878,-1.524672508239746,-1.1066285371780396,-1.1546229124069214,0.32119181752204895,train
TCGA-C8-A3M8,2.714082054962942,1.8065377794042672,1.0307427192110297,-0.9411019395711401,-1.4011530688496576,1.5166612560777615,0.39471599863203694,-0.7933069760973792,0.8286369581703269,-0.2691600761290665,test
TCGA-E9-A1NI,1.9772686958312988,1.809421181678772,0.9473166465759277,-2.5466628074645996,-4.108841896057129,-0.8581246137619019,-3.303041934967041,-0.16432057321071625,0.5729016661643982,-0.20135869085788727,train
TCGA-D8-A1JE,-0.6760716438293457,2.8479599952697754,2.626220464706421,-3.0441832542419434,-2.025801658630371,0.4735375642776489,-1.2151376008987427,-1.034501314163208,-1.8294283151626587,-1.2318083047866821,train
TCGA-A2-A25C,-0.4811907708644867,2.053926944732666,-0.3106303811073303,-0.8487945199012756,0.6377044320106506,-0.059817008674144745,0.03388082608580589,-0.195692241191864,-0.4714716374874115,0.5302398800849915,train
TCGA-E2-A109,3.0642159996771468,1.0713587938531888,1.2950683200881408,-1.4484281580285703,0.18452624161400003,1.3297111897843312,-1.118123234927882,-0.7276701550999792,2.094800463728155,0.08839987765957158,test
TCGA-BH-A0BF,0.8409970998764038,0.05975286290049553,0.809926450252533,-0.8531076312065125,4.356140613555908,-1.4234445095062256,-0.7245148420333862,-0.7078964710235596,-0.5719446539878845,-0.4391508400440216,train
TCGA-BH-A204,4.021648406982422,0.4499545097351074,1.843301773071289,7.688957691192627,-2.140050172805786,1.4879961013793945,-4.1350250244140625,-2.4212779998779297,2.280792474746704,-0.7743633985519409,train
TCGA-E9-A1NA,3.5294528007507324,-0.08808811753988266,1.7556849718093872,7.207247257232666,-0.46537208557128906,0.2394780069589615,2.664212226867676,-0.4199587106704712,0.31108558177948,-0.48458030819892883,train
TCGA-C8-A1HM,1.8595455884933472,-0.3453649878501892,2.4611165523529053,-3.6316699981689453,4.079686164855957,0.09600981324911118,-3.1397767066955566,-1.1542102098464966,1.213608980178833,0.7832901477813721,train
TCGA-E9-A1NF,1.2672208547592163,-0.4764433801174164,-3.2195451259613037,6.333569526672363,-4.0902099609375,-0.22267915308475494,1.1011476516723633,-6.066413879394531,-1.3828712701797485,-0.4653097689151764,train
TCGA-E9-A226,-0.8836649060249329,1.142540693283081,-0.06913457065820694,-1.7199310064315796,-2.702061653137207,-1.4969178438186646,-3.2099833488464355,-0.054663773626089096,-0.5665276050567627,1.0922248363494873,train
TCGA-BH-A202,1.318484902381897,-1.13637113571167,1.6243146657943726,-1.7070045471191406,-0.861411988735199,-2.427022933959961,2.137681722640991,-0.15681619942188263,0.017822211608290672,0.3743535876274109,train
TCGA-E2-A56Z,1.8317506313323975,2.27311635017395,0.9926803112030029,-2.552853584289551,-2.853595018386841,3.1802589893341064,-1.6223154067993164,-0.7442840933799744,1.4481480121612549,1.1335999965667725,train
TCGA-D8-A1JJ,0.9819340971338969,0.42495902793802137,0.14332592574102224,-1.2181907799891873,-1.2948564488993062,-1.1431811043718019,0.6666577115846092,-0.6984790280870379,-0.13489108448860523,0.4684497456094386,test
TCGA-A8-A075,-1.3122583627700806,0.3237791657447815,1.0744516849517822,-2.3522050380706787,2.9837076663970947,-2.786153554916382,-2.6996395587921143,-0.7623414397239685,-0.9896771311759949,1.6275054216384888,train
TCGA-BH-A1FJ,-3.528169870376587,1.9643245935440063,1.3289494514465332,-2.792497158050537,-3.563868761062622,-0.09679165482521057,1.4600988626480103,0.272732138633728,0.10211005806922913,-0.9504953026771545,train
TCGA-C8-A274,3.6723272800445557,1.1622239351272583,-0.5763661861419678,-2.9290568828582764,-3.8714911937713623,-2.318916082382202,1.9183813333511353,0.47169229388237,-0.516009509563446,0.9880281090736389,train
TCGA-BH-A42T,3.100572303516524,1.3623788269569534,-0.8099658141901479,-0.03819141052770489,-1.1914364618638564,0.20601070619555953,1.5829337264674945,-0.09907290357987264,0.014619290785501579,-0.23854413141828945,test
TCGA-AC-A2BM,1.5876625776290894,2.1577298641204834,-1.14982008934021,-2.4962246417999268,2.0256094932556152,3.4838480949401855,-1.6955211162567139,-0.9447560906410217,1.4952200651168823,0.09238390624523163,train
TCGA-E9-A3HO,1.5691984044379241,1.7225566236910896,0.6166571609492795,-0.8100129454791128,-1.3656104535197418,1.0834290265033661,0.768377067100189,-0.04706231457435661,-0.720814170470582,0.17758333150907066,test
TCGA-E9-A1RB,-0.09844221391858603,0.32835821102122115,-1.5700715971280494,-1.1712400158098049,-2.180435200246396,-0.9539950139839507,-0.6465573469523979,-0.607339061646666,-0.9733577226704844,0.16657350991816056,test
TCGA-AO-A1KP,2.9479634761810303,2.1349937915802,-3.5362675189971924,-2.176584005355835,-3.698060989379883,1.3689817190170288,-0.5461887717247009,0.19441117346286774,0.8313197493553162,2.1335630416870117,train
TCGA-E9-A22D,0.9277481436729431,1.3743830919265747,1.7621307373046875,-3.438832998275757,4.8095598220825195,1.0794795751571655,2.355318546295166,-1.3541793823242188,0.2544591724872589,-0.4039174020290375,train
TCGA-D8-A1XF,4.99715518951416,0.8468632698059082,-0.28166869282722473,-2.996412992477417,0.940338671207428,4.106171607971191,4.951727867126465,-0.5845406651496887,2.507817029953003,0.20894400775432587,train
TCGA-D8-A1XL,-0.6485949754714966,0.38702359795570374,2.232543468475342,-3.206949472427368,3.364804267883301,0.03350799158215523,0.7966976165771484,-0.6945885419845581,-1.1534857749938965,2.5877485275268555,train
TCGA-AR-A0TQ,2.231167793273926,0.1453251987695694,1.1106268167495728,-0.8205130696296692,2.5866246223449707,0.9849569797515869,1.5105723142623901,-0.9736101627349854,1.8727047443389893,-0.27487713098526,train
TCGA-BH-A1F2,-0.8765318249817993,0.20427922283720326,-0.1354428753232492,3.4774192626804865,-0.7556036542348649,-0.8169201922733879,0.6719075871765683,-0.20789194910226105,0.5162266393471162,-0.23342013747506274,test
TCGA-BH-A0AU,-0.3139829933643341,0.9919224381446838,0.5109032392501831,5.2007975578308105,-0.5546538233757019,1.1646710634231567,-1.6560540199279785,2.0667614936828613,1.5114823579788208,1.6911001205444336,train
TCGA-EW-A1P0,0.053371962159872055,1.7411670684814453,2.3374834060668945,-2.774290084838867,-1.4192931652069092,1.8074147701263428,-3.0191311836242676,-1.985369086265564,-2.2757909297943115,1.9433799982070923,train
TCGA-D8-A27N,1.559786319732666,0.3184295892715454,1.299912929534912,-0.8685624599456787,1.7868475914001465,-1.4446666240692139,1.7020680904388428,-1.4479866027832031,-0.617315411567688,0.6104915738105774,train
TCGA-BH-A1FM,-0.5095877450909435,1.0111243217403671,0.531297090035655,-0.40519985246803714,-2.054285459856597,0.17243434119288992,-0.9351667725224506,-0.4905998376239829,0.7624453759044759,0.45538406324180225,test
TCGA-Z7-A8R6,1.361934284728435,1.926708958114071,0.9390695545136661,-1.1650755168218663,-0.7449343771843807,-0.3599273681453811,-1.447676115852189,0.3783595821822523,-0.3037677764437235,0.5598572684939186,test
TCGA-E2-A9RU,4.015364170074463,-0.322936087846756,1.8728114366531372,-3.023078203201294,-2.1815690994262695,-1.000165581703186,3.3497910499572754,0.07260043919086456,0.3441007733345032,-0.6416414380073547,train
TCGA-AO-A1KS,1.959429715340865,0.9734890126627326,0.6734231924155044,-1.0359684212096127,-1.313148057672486,0.16744453346125732,0.22724598284095202,-0.04563916556064437,0.629335517468724,1.382810922181559,test
TCGA-D8-A1XR,-0.544027279176078,2.297126883708318,-0.18644637331243508,-0.9458004281931528,-2.846878577949133,-0.05612115635844195,-1.6478850946130248,-0.400076828080614,-1.1340618791501755,-0.04060619022445958,test
TCGA-AR-A0TT,1.1588975191116333,-0.6896801590919495,1.9866639375686646,-1.6240739822387695,6.416533946990967,-0.9146574139595032,0.37009674310684204,-2.002394914627075,0.8725477457046509,0.13243575394153595,train
TCGA-EW-A2FW,-0.4281369149684906,2.988342523574829,1.7104724645614624,-2.546473741531372,-1.3435328006744385,2.707693338394165,-1.7409436702728271,-1.3527095317840576,0.1645635962486267,1.5549876689910889,train
TCGA-D8-A1J8,2.745659589767456,0.1233161985874176,1.5115761756896973,-2.8897545337677,0.7424370050430298,-1.7396866083145142,3.052870273590088,-0.3896922767162323,1.031813383102417,-0.32547226548194885,train
TCGA-C8-A26V,2.3963334560394287,0.9846133589744568,1.0596026182174683,-2.9322330951690674,-1.125671148300171,-1.1810837984085083,1.2895883321762085,0.09045084565877914,-1.2357573509216309,0.037492312490940094,train
TCGA-D8-A27R,0.3772653043270111,-0.4651004672050476,-0.9252692461013794,-0.8483731746673584,0.9202021956443787,0.9311436414718628,0.12182600051164627,-0.7352262139320374,1.6762031316757202,1.8491380214691162,train
TCGA-E2-A15K,-3.653048515319824,1.5449503660202026,0.8054134249687195,-2.02721905708313,2.4113223552703857,-1.019607424736023,1.1709575653076172,-0.6834211349487305,0.0879703164100647,-1.3904906511306763,train
TCGA-BH-A0HY,4.614848613739014,-0.0502617321908474,-3.602701187133789,-0.7724320292472839,-2.528289556503296,-1.3190736770629883,1.4529674053192139,-0.3341192305088043,0.3490213453769684,0.09225399792194366,train
TCGA-E9-A54X,-2.287508249282837,2.787310838699341,1.2792539596557617,-3.633531093597412,-5.876994609832764,2.057993173599243,-1.23678457736969,-0.21994945406913757,-0.9004635810852051,-0.38083621859550476,train
TCGA-E9-A1N6,0.23077408969402313,-0.2880520820617676,-3.426966667175293,-2.0315499305725098,-3.7537200450897217,-2.7365119457244873,-1.5955613851547241,-0.48017677664756775,1.7261346578598022,0.2877345681190491,train
TCGA-E9-A1R4,0.16059091781202958,0.6185288620436042,0.7890602796023635,-1.010229637148209,1.6668327491077892,-0.7976092184613962,-0.806385887418088,-0.5020917702812308,0.023688623886973043,0.2006031997205179,test
TCGA-AR-A2LL,2.141179323196411,1.4531521797180176,0.8008192777633667,-1.3361696004867554,0.10980457812547684,0.5332126617431641,1.2716962099075317,-0.7306133508682251,-0.39328739047050476,0.5895072221755981,train
TCGA-BH-A1FD,-3.5447709560394287,1.0397461652755737,-4.198202610015869,-3.052578926086426,-3.2234411239624023,-0.9216268658638,1.17098069190979,-0.888218104839325,0.04833074286580086,-1.0784451961517334,train
TCGA-A2-A0YT,2.4839230623039663,0.328952558601337,0.24161284051821516,-1.0831077650205498,-0.8534324376207153,0.07245119654371945,-2.241065258495697,-0.7291298375075691,2.1520655766175123,0.10300828977648831,test
TCGA-BH-A0BZ,2.8349804878234863,-0.48545190691947937,1.5212129354476929,-2.1727566719055176,2.3200511932373047,-0.19126297533512115,-1.5280001163482666,-0.6785501837730408,1.9154951572418213,-1.1959112882614136,train
TCGA-D8-A27W,2.2717244625091553,0.33817481994628906,0.2751563787460327,-1.7767301797866821,3.769040584564209,2.2251670360565186,1.482595443725586,-0.573146641254425,2.9964563846588135,1.4776743650436401,train
TCGA-A2-A0YH,-1.3214654922485352,0.5613821148872375,2.3441169261932373,-2.1582186222076416,4.075005054473877,0.11487053334712982,-4.050612449645996,-0.37894582748413086,0.9634019136428833,1.3016128540039062,train
TCGA-EW-A1OX,2.6055566852447747,1.7976241337520964,0.2249460812798151,-1.5744512325890678,-2.6049846109600927,2.4962813585351165,-0.6649533725134796,-1.3308467467435756,0.5079504282158049,0.6020884447569274,test
TCGA-D8-A1XZ,1.4996675252914429,0.18705186247825623,1.7917901277542114,-2.9834814071655273,1.7767627239227295,0.2948196828365326,-0.843553364276886,-1.405062198638916,-0.9573277235031128,1.4662926197052002,train
TCGA-E9-A1R7,2.2112205028533936,0.024722572416067123,0.10949613898992538,7.661522388458252,-0.5080374479293823,0.6529042720794678,0.007686682976782322,-2.31648850440979,-0.03743216395378113,0.9717004895210266,train
TCGA-D8-A1J9,2.0149990581662514,0.11954630516608694,0.6584628654827563,-1.9694360301646514,-0.047585603493747665,-3.3446140193979783,1.1787101695058195,-0.16234213736740377,0.27760981982586735,0.5644889734763273,test
TCGA-D8-A1X7,-0.6959909658661204,1.8855298823245341,-0.2867374766227331,-1.5516942095621624,-2.3321150715754544,0.05002993638575356,-1.5831474064191717,-0.44660546213429164,-1.133830776038572,-0.5434357077858449,test
TCGA-E9-A1RG,0.6256909681485968,1.0576921418886132,0.7294514386979408,-2.094590537740525,-0.1985513733315649,0.20382136178970423,-3.3209418848374668,-0.7173738450813215,0.5239625750994866,1.2792492283770955,test
TCGA-AR-A24K,1.6691421270370483,1.8420705795288086,2.8868465423583984,-3.0844266414642334,-2.603440523147583,-0.3562668263912201,1.0104066133499146,-0.23351991176605225,-2.8326544761657715,2.0442099571228027,train
TCGA-C8-A1HN,2.174046039581299,0.4432663321495056,2.919773817062378,-3.5689451694488525,-2.4143824577331543,1.7344088554382324,-3.1039133071899414,-1.4209905862808228,1.1171303987503052,2.8423120975494385,train
TCGA-D8-A1X5,2.6523475646972656,1.0121252536773682,-0.010718947276473045,-3.0605037212371826,0.3122711777687073,-0.33140161633491516,-1.3046681880950928,-1.2514550685882568,0.7272738218307495,-0.7321574687957764,train
TCGA-AR-A1AW,0.13065143241588564,-0.8281374312106818,-0.22709264841406906,-0.8173275572317397,6.018537405085407,-0.4312210774617782,1.8345789779612645,-0.8591307599663264,0.061496259082891115,-0.22299135541023063,test
TCGA-A2-A25B,1.9779272079467773,0.6712952852249146,1.0632011890411377,-3.2099528312683105,0.9546346068382263,-0.018056487664580345,-4.4838995933532715,-0.9095941185951233,1.6575781106948853,0.44932234287261963,train
TCGA-A7-A13F,-3.7852954864501953,1.3448549509048462,0.9660777449607849,-1.8003135919570923,-2.743577718734741,1.2238500118255615,1.8494298458099365,0.07067897915840149,0.8185916543006897,-0.9101459383964539,train
TCGA-BH-A0C3,-1.257317304611206,0.4603405296802521,0.7630181908607483,5.356914043426514,1.159112572669983,0.24343909323215485,-1.9720977544784546,2.168710231781006,2.041862964630127,0.004089998081326485,train
TCGA-A2-A25E,0.7592164278030396,1.8642562627792358,-0.5047760605812073,-1.2422499656677246,-0.7205459475517273,2.239908218383789,-3.9583256244659424,-0.6427372694015503,0.9235926270484924,-0.17716167867183685,train
TCGA-A2-A0SV,1.9365849494934082,-0.34857895970344543,1.9854849576950073,-2.8749725818634033,-2.66735577583313,-2.1511292457580566,-1.321761965751648,-1.29200279712677,-0.9567046761512756,-0.0648908019065857,train
TCGA-A7-A6VX,1.3948005437850952,0.7581603527069092,1.589763879776001,-1.5736664533615112,-3.387254238128662,-1.678813099861145,-1.5676381587982178,-0.1278606504201889,-0.6538965702056885,1.7481428384780884,train
TCGA-E9-A1RE,4.321099758148193,1.5130102634429932,0.42520684003829956,-1.6125282049179077,0.3572348952293396,1.8118778467178345,0.8281862139701843,-1.6250739097595215,1.2268955707550049,0.40626466274261475,train
TCGA-E9-A22A,-0.10123669356107712,0.046797510236501694,0.8389790654182434,-1.9580620527267456,1.6638789176940918,-0.20277179777622223,1.5551460981369019,-1.0264822244644165,0.6232541799545288,0.6407431960105896,train
TCGA-AO-A128,-2.3347363471984863,-4.045398235321045,-0.5316094756126404,-1.9296164512634277,3.009413957595825,0.10200496017932892,-1.2223745584487915,-1.4178385734558105,0.6633836030960083,-1.4888089895248413,train
TCGA-A7-A26G,-3.070304397469085,-2.5324937512645977,0.2317787326682189,0.8568093487307261,2.6373228568031597,0.23153708654171112,-0.08012420083169826,-0.17005010753666103,-0.7907245853670201,-0.1670970403099171,test
TCGA-AO-A129,-2.339036117413252,-4.379968968773681,0.829780096580165,0.7356411115727909,1.3079174843820873,1.0206238808370338,0.10950796685875037,0.35349624382109956,-0.9930515884594261,-0.36641367414159004,test
TCGA-LL-A5YP,-2.573392868041992,-4.64996337890625,1.1937092542648315,1.222428798675537,-0.3025551438331604,1.5025873184204102,0.4209611713886261,0.561460018157959,-1.0128469467163086,0.3257899582386017,train
TCGA-BH-A1FC,-2.968945264816284,0.4008823335170746,2.481229066848755,5.931521892547607,-0.36094576120376587,-0.9120531678199768,1.4937973022460938,-0.28059256076812744,0.6515624523162842,-0.8075622916221619,train
TCGA-S3-AA15,-2.4121649265289307,-2.59420108795166,-5.117123603820801,2.448361873626709,6.871942520141602,0.9619683027267456,0.8470866680145264,-0.17543724179267883,-0.5095669627189636,-1.1300959587097168,train
TCGA-AR-A1AQ,-1.0179924964904785,-5.140418529510498,1.1514248847961426,-1.0044732093811035,5.241458415985107,1.1404516696929932,2.3436739444732666,0.4207626283168793,-1.517179012298584,-0.5155854225158691,train
TCGA-AR-A0TP,-1.6648874282836914,-5.3775200843811035,1.363699197769165,0.9089174866676331,-8.243243217468262,2.2276077270507812,1.682993769645691,1.736767292022705,-0.027362732216715813,0.967477560043335,train
TCGA-A2-A0T2,-1.7470544576644897,-5.65541410446167,2.015369415283203,-0.4552834630012512,-4.429869174957275,-0.2921106517314911,-3.1362407207489014,0.9640845656394958,-0.3085164427757263,-0.1584843397140503,train
TCGA-A7-A6VV,-2.0590615272521973,-4.655603885650635,0.20565341413021088,0.31925496459007263,-0.3353206217288971,0.651481568813324,0.3085200786590576,1.1224116086959839,-1.1619504690170288,-0.3882383704185486,train
TCGA-AR-A24Q,-2.347660541534424,-4.23463249206543,-1.1592109203338623,0.632899820804596,1.5129133462905884,2.008545160293579,-0.3215273916721344,0.9240894913673401,-0.37108299136161804,0.9671539068222046,train
TCGA-D8-A1JL,-2.5703108310699463,-4.494088172912598,1.5632686614990234,-0.13181564211845398,-0.6131828427314758,1.297932744026184,0.8763679265975952,0.352547287940979,-0.6302907466888428,0.016933077946305275,train
TCGA-OL-A5D7,0.7721755504608154,-5.363165855407715,0.8204976320266724,-1.445055603981018,2.4772398471832275,1.6390033960342407,3.0806050300598145,-0.6796382665634155,-1.9249757528305054,-1.3564653396606445,train
TCGA-A2-A25F,-2.1678895950317383,-3.1661298274993896,1.159637451171875,1.637274980545044,4.165889263153076,0.8082676529884338,1.8615723848342896,-3.1622273921966553,0.010514631867408752,-1.092430591583252,train
TCGA-A2-A4RX,-2.653965950012207,-3.3066656589508057,-0.3532654345035553,2.31889009475708,0.3801802098751068,0.9045687317848206,1.6420058012008667,1.1927686929702759,0.12354395538568497,-0.398038387298584,train
TCGA-B6-A0RU,-2.3543200492858887,-3.3124794960021973,1.513738751411438,3.4778895378112793,-3.3690598011016846,1.0231215953826904,0.9903949499130249,1.7704534530639648,1.2524183988571167,0.014688542112708092,train
TCGA-AN-A0XU,-2.5604090690612793,-5.160504341125488,1.4971808195114136,-0.45699989795684814,0.34352907538414,1.0360052585601807,1.205426573753357,1.2789546251296997,0.1340794861316681,0.49597418308258057,train
TCGA-A7-A4SD,-2.8011889457702637,-4.726248264312744,-0.10491393506526947,-1.1927601099014282,3.1662192344665527,0.6673454642295837,-3.511094808578491,0.6137679815292358,-1.022552728652954,-0.7518660426139832,train
TCGA-D8-A27F,-2.93788743019104,-5.560252666473389,-0.46265968680381775,1.2213006019592285,-2.998558282852173,1.7334386110305786,-0.9146873354911804,0.8920374512672424,-0.509450376033783,1.018856406211853,train
TCGA-A2-A0T0,-2.9004478454589844,-5.0308146476745605,2.0492172241210938,-1.1079782247543335,-2.63942551612854,0.06084065139293671,-2.0457658767700195,0.5639379024505615,0.1337442547082901,0.43451935052871704,train
TCGA-A7-A5ZV,0.5381923511676272,-4.442477623607021,-0.4454960152583444,0.28263675946635985,-3.9860994639809335,1.096794286365528,1.0131941359939642,0.47145136470498245,0.45450671751580307,-0.49359521869937156,test
TCGA-A2-A0YJ,-1.856618297312533,-5.043056844964821,1.0364560454991567,0.2279709481278821,-2.530261859214256,0.5906025997846452,-2.0865418179186364,0.6340540345497058,-0.578888456738548,0.15033657806412312,test
TCGA-S3-AA10,-2.0517501831054688,-5.392806529998779,1.9657132625579834,-1.1875007152557373,4.314210891723633,2.485842704772949,-0.09772169589996338,0.545623242855072,-1.2603775262832642,-0.1802607774734497,train
TCGA-A2-A0YE,-1.658877764269974,-4.4943064162823285,0.11017128501553002,0.005828325971892756,-1.1147382312316698,0.7984602082061457,-1.0271237434178804,0.9785192973841069,-0.44321849247984635,0.3324627301352114,test
TCGA-OL-A5RW,-2.550718069076538,-5.136441707611084,0.5284861922264099,-0.319191038608551,-2.745626926422119,1.6767754554748535,1.2155743837356567,2.0968728065490723,-0.4216730296611786,0.4344176948070526,train
TCGA-A7-A0CE,-3.29028058052063,0.725138247013092,1.643576741218567,5.127282619476318,-0.10735353082418442,-0.08861331641674042,1.904175043106079,1.9480161666870117,0.7698370814323425,-0.6257425546646118,train
TCGA-BH-A0E0,-3.448479413986206,-2.1171135902404785,2.111571788787842,-0.6442704796791077,-2.8436639308929443,-0.1304551213979721,1.4011752605438232,-0.16779285669326782,0.9785979390144348,-0.6083123087882996,train
TCGA-S3-AA0Z,-1.9367810487747192,-4.907787322998047,1.411540150642395,-0.424113005399704,0.19828762114048004,1.4034414291381836,1.562462568283081,0.5701426267623901,-0.30137282609939575,0.11467631161212921,train
TCGA-AR-A1AJ,-2.3094356060028076,-4.167025089263916,-0.04846864193677902,1.638181447982788,3.0762524604797363,0.3803793787956238,1.4559910297393799,-1.456147313117981,-0.38872310519218445,-0.6837294101715088,train
TCGA-GM-A3XL,-0.8218263651023969,-4.7475919811466145,1.198965543335112,-0.7289615035880391,1.812629552464103,0.8196281586751676,1.3415681786123896,0.02528685145070268,-0.2658500387840739,-0.670473195063523,test
TCGA-B6-A0RT,-2.6247215270996094,-3.3748226165771484,-1.6298373937606812,0.9624481797218323,4.864269256591797,0.9289292097091675,1.7277534008026123,-0.4837380051612854,0.1876480132341385,-0.6431834697723389,train
TCGA-AC-A62X,0.7491229176521301,-6.087584972381592,0.4680180847644806,0.20869159698486328,-6.485011100769043,1.1216384172439575,2.7991585731506348,2.077288866043091,-2.4838812351226807,-0.742266833782196,train
TCGA-E2-A1LL,-1.1150451848695406,-2.8892946858249804,-1.7324906937673266,0.3088939124911203,-0.6875991997558798,-1.639371316953249,-1.4676235815851175,0.16644411877505638,0.8936786355809933,-0.05773499532893626,test
TCGA-A2-A3XX,-2.168656587600708,-4.969199180603027,-3.995415687561035,0.7100524306297302,1.0136327743530273,1.276479959487915,0.1746688187122345,1.8223230838775635,0.4039984941482544,0.7283743023872375,train
TCGA-E2-A1LS,-3.8992161750793457,-1.055499792098999,0.8711659908294678,6.9396748542785645,-5.678739070892334,0.6869387030601501,0.9729960560798645,-4.975390434265137,0.18545028567314148,-1.1094083786010742,train
TCGA-EW-A1PB,-1.701590895652771,-5.075669765472412,0.4028629958629608,-2.1294734477996826,-0.1372697353363037,0.18307353556156158,0.37374237179756165,-0.8652493953704834,0.8596329092979431,-0.8924238085746765,train
TCGA-AR-A0U0,-0.5845961570739746,-5.328713417053223,1.3032385110855103,-1.958843469619751,2.9464223384857178,-0.8309808969497681,0.5108592510223389,0.16545143723487854,1.1923624277114868,-0.15406298637390137,train
TCGA-EW-A1OW,-2.3437987557294586,-5.004197958831719,0.3013616203136348,0.756847753883369,-1.9579045508365223,1.201025062175712,-0.9586220188972918,0.7386054278141891,-0.821135506212185,0.6817354936431422,test
TCGA-AR-A251,-2.483907461166382,-4.821591377258301,-0.6582350730895996,1.37562096118927,-2.2317581176757812,0.7931870222091675,-2.033505916595459,0.09627114236354828,0.4287756383419037,0.90735924243927,train
TCGA-OL-A5S0,-2.809983491897583,-4.8269572257995605,-3.6258199214935303,1.0289812088012695,-1.8678257465362549,1.3749219179153442,1.157031774520874,0.35475021600723267,-0.5018907189369202,-0.26583731174468994,train
TCGA-EW-A1P4,-2.390554428100586,-4.714812755584717,-2.7365617752075195,-0.8736777901649475,0.5527108907699585,1.4064733982086182,0.8865631222724915,0.2516516447067261,0.03260258957743645,0.6782397627830505,train
TCGA-A2-A4S1,-0.7140870690345764,-3.4171085357666016,-2.26261830329895,-0.4021967947483063,-4.009682655334473,-0.9335159659385681,-1.9212498664855957,-2.632140874862671,0.08444030582904816,-1.5019521713256836,train
TCGA-E9-A1N8,-3.8711092472076416,-3.2939817905426025,0.5576960444450378,-0.31718388199806213,-4.562064170837402,2.1755356788635254,0.8962991237640381,1.0686136484146118,0.10360228270292282,-0.33561113476753235,train
TCGA-A7-A4SE,-2.446680784225464,-4.35360860824585,-4.420358657836914,1.4212077856063843,-3.705303192138672,0.6027722358703613,-0.3791062533855438,1.0561190843582153,-0.5249192118644714,0.03164250776171684,train
TCGA-C8-A1HJ,-2.6106204986572266,-5.412644863128662,1.695419430732727,1.2217954397201538,-1.5734363794326782,2.356590747833252,-1.7621116638183594,0.5818609595298767,-0.037988267838954926,1.1479272842407227,train
TCGA-PL-A8LV,-2.1009795665740967,-3.890913724899292,-2.1406610012054443,0.06056591495871544,2.6596744060516357,1.1165382862091064,0.22685089707374573,1.6064255237579346,-0.03709655627608299,0.5390512943267822,train
TCGA-E2-A1AZ,-2.106278657913208,-4.280263900756836,1.9348751306533813,0.26617667078971863,0.6089240312576294,0.8532286286354065,0.04660796374082565,-0.3627634048461914,-1.3659530878067017,-0.47091439366340637,train
TCGA-D8-A27H,-1.3944873809814453,-5.027447700500488,-0.23528896272182465,1.2715836763381958,-3.3659422397613525,1.722245216369629,-0.5839611887931824,1.3984895944595337,-0.41081318259239197,1.2975627183914185,train
TCGA-AR-A1AY,-1.464101485120537,-4.9269818411865485,0.5093158686525016,1.255323183329857,-3.2173976798413233,1.0177374088762539,1.775944038178131,0.823128583762666,-0.930335153696863,0.3739512842990265,test
TCGA-BH-A1F6,-3.767826795578003,0.0005952056962996721,-0.8805267810821533,7.2313055992126465,-2.029555559158325,-0.09711902588605881,1.322575569152832,-0.752140462398529,0.5607717037200928,-0.5069224238395691,train
TCGA-EW-A1P8,-3.0526716709136963,-4.71966552734375,2.2745959758758545,0.6216532588005066,-1.6257396936416626,0.929993212223053,0.23694920539855957,0.22598275542259216,-1.406620740890503,0.2022375762462616,train
TCGA-EW-A3U0,-2.2787158489227295,-4.127218246459961,0.7302359938621521,2.099787950515747,2.8403892517089844,1.398282766342163,-0.12776781618595123,-0.6090790629386902,-0.6294384002685547,-0.47787776589393616,train
TCGA-E2-A1B6,-2.4755500099968426,-3.0633983120250243,-0.3765871223683987,0.0748956806939413,4.138214857584963,0.947974944691062,0.2195036009850583,0.026218614366690225,-0.08053253386792965,-1.1445330005934613,test
TCGA-BH-A0RX,-2.2731621265411377,-3.49108624458313,-5.741455078125,1.299399495124817,2.939103126525879,0.8366760611534119,1.1135151386260986,0.588123083114624,-0.4296526312828064,-0.7370292544364929,train
TCGA-E9-A243,-2.7911221981048584,-3.312166213989258,-0.020892011001706123,-0.3444312810897827,5.431605339050293,0.03300183638930321,-0.6785974502563477,-0.558194637298584,-0.4319036900997162,-0.30044230818748474,train
TCGA-AR-A0U4,-1.1545528173446655,-4.742441177368164,-2.058115243911743,-0.26511216163635254,0.19723258912563324,1.6292027235031128,2.4396090507507324,-1.4363946914672852,-1.71226167678833,-1.2016109228134155,train
TCGA-GI-A2C9,-0.80269855260849,-2.5769522190093994,0.45842957496643066,6.515160083770752,-1.0504366159439087,0.7091448903083801,1.037644863128662,0.8764362335205078,-0.6424399018287659,-0.2187717854976654,train
TCGA-D8-A1JM,-0.6234251983421111,-4.966215134937858,0.9086203101961763,-0.3983333746268343,-2.2654683581677393,1.8554710785167223,1.8187059151329763,0.6098600659607,-0.439289963630634,0.6931743048895864,test
TCGA-AO-A0JL,-0.6574642658233643,-5.5978546142578125,0.7712658643722534,0.7616991996765137,-3.9556899070739746,0.635971188545227,-1.6314748525619507,1.8272234201431274,0.6532528400421143,0.6471800804138184,train
TCGA-AR-A5QQ,-1.4181270441438711,-3.815824937992365,-0.379108184633407,0.2638606159693886,2.3243996468780126,-1.3194755366291278,0.357643553554966,0.12381313996515929,0.677574070023633,-0.9549975762988329,test
TCGA-AC-A8OQ,-1.7374179519354673,-2.866548735528655,-1.5237247071719124,0.7395478230664265,2.87472982213306,0.3183685332046998,-0.9294800082611064,-0.24718732331539192,-0.33041082835178615,-0.4578730393568364,test
TCGA-AO-A124,-2.9485974311828613,-5.777227401733398,0.49243590235710144,-0.04927017167210579,-2.82090425491333,1.4651777744293213,-5.4075164794921875,1.4724401235580444,-1.5016433000564575,-0.43477800488471985,train
TCGA-A7-A13E,0.6552636027336121,-2.447730302810669,1.6580692529678345,7.376616477966309,-1.8935809135437012,0.6227904558181763,2.3520214557647705,-1.7655349969863892,-1.8610284328460693,-0.4139344096183777,train
TCGA-B6-A0X1,-2.155009386448493,-4.5581826950978614,0.6062866808794772,-0.49400425970219874,0.11329744152678332,0.6883928628561283,0.2436826372042974,0.03133190751098249,-0.32930949757313993,-0.26687084716065274,test
TCGA-E9-A1ND,-1.1998270750045776,-4.9631524085998535,1.7114098072052002,-1.3165265321731567,1.2960772514343262,-1.806788682937622,0.7341604828834534,0.21066369116306305,0.6473307609558105,-0.5592519640922546,train
TCGA-AR-A2LR,-1.7622588872909546,-4.617584705352783,-1.6478400230407715,2.802351474761963,-3.3418242931365967,2.3944251537323,1.2861014604568481,0.5233699679374695,0.1760757714509964,1.2107278108596802,train
TCGA-E9-A1N9,-0.2625604271888733,-0.30774980783462524,2.1146156787872314,6.671382904052734,-0.6494610905647278,-1.774699091911316,0.43779027462005615,0.6152099370956421,1.5379095077514648,2.2951531410217285,train
TCGA-BH-A0B9,-3.036353826522827,-4.637812614440918,2.579806089401245,-0.36331963539123535,-0.049483608454465866,1.6842371225357056,0.5421357750892639,0.5795905590057373,-1.167110562324524,-0.2860056161880493,train
TCGA-C8-A27B,-2.5778918266296387,-5.801090240478516,-1.1774592399597168,-1.6986031532287598,1.4754799604415894,1.8990107774734497,-0.508638322353363,0.13093243539333344,-1.188307285308838,0.3062556982040405,train
TCGA-E9-A3QA,-2.7714784145355225,-4.160737037658691,0.04350677505135536,-0.4139663577079773,3.6759300231933594,1.29975163936615,0.7357987761497498,0.24672634899616241,-0.6596865653991699,-0.9886284470558167,train
TCGA-D8-A1JK,-0.3434928357601166,-2.9946396350860596,0.16356965899467468,-1.9691613912582397,1.3533841371536255,-4.5011467933654785,-4.552455425262451,-0.5032745003700256,1.2133845090866089,-0.7070108652114868,train
TCGA-AC-A6IW,-1.8282008832400771,-4.273874873840681,0.13391007679380504,-0.30626487854980694,2.360650555518939,1.480097993948916,0.7303611286407703,0.06027822523274396,-0.5032653254198638,-0.6775744429662288,test
TCGA-BH-A1F0,-3.3808579444885254,-2.597531795501709,1.7302465438842773,2.62148118019104,3.688778877258301,0.4613097012042999,1.1241222620010376,-0.5255224108695984,0.32117804884910583,-0.7146043181419373,train
TCGA-D8-A1XQ,-1.722320318222046,-5.171694755554199,1.1180012226104736,-1.0153868198394775,3.076133966445923,0.7354955077171326,-3.6988956928253174,0.18927064538002014,-0.2633103132247925,0.33706924319267273,train
TCGA-OL-A6VO,-1.271092146807267,-4.705185835633898,1.126907746066891,0.19546718966290175,-0.3038296969158823,1.2930925013695374,0.040501437331593046,0.4777229821451943,-0.5778405044196174,0.2035810412796095,test
TCGA-E9-A22G,-1.6475388561061148,-5.627449714275767,1.0474542310577903,0.43554456642964484,-2.8938063183234166,2.608944720320868,-0.7762227827586551,0.4339373661881367,-0.9601685934903248,0.3584743959802567,test
TCGA-E2-A1LK,1.6517034769058228,-6.92072057723999,0.39050382375717163,-1.236091136932373,-6.262958526611328,1.8787510395050049,1.6777714490890503,1.044213056564331,-0.9680071473121643,-0.7784908413887024,train
TCGA-A2-A0SX,-3.101898670196533,-3.831279754638672,1.1148855686187744,1.4514716863632202,3.4147956371307373,0.8033132553100586,1.244376540184021,-0.10851079225540161,-1.014583945274353,0.24875587224960327,train
TCGA-LL-A8F5,-1.3409970998764038,-5.061301231384277,-0.6259783506393433,-1.175773024559021,3.1495425701141357,1.539247751235962,-1.2998195886611938,0.705650269985199,-0.1808403879404068,-0.39313727617263794,train
TCGA-A2-A0ST,-2.617465019226074,-2.9217958450317383,-0.2315024882555008,1.1983344554901123,5.531792163848877,0.7070513963699341,1.0517909526824951,0.6582343578338623,-0.38965821266174316,-1.3390569686889648,train
TCGA-AR-A256,-0.4743911921977997,-5.86927604675293,2.8838894367218018,0.15726754069328308,-5.136626243591309,1.974703073501587,-1.574226975440979,0.2202698290348053,-3.839519739151001,-1.3196594715118408,train
TCGA-A2-A3XT,-2.0302886962890625,-4.092288494110107,1.4067169427871704,-0.16015145182609558,-0.17553021013736725,1.5439939498901367,-1.150184988975525,-0.45181146264076233,-0.6621955037117004,-0.7510272860527039,train
TCGA-E2-A14N,-1.9758898099549036,-4.44842257322323,1.5160799652915466,0.07660465823805056,0.5897427745685936,0.7836162829857395,0.40622069789228304,0.07000720597800714,-0.478784296636031,-0.2296077489224975,test
TCGA-AR-A0TU,-1.0612740516662598,-6.124671459197998,1.3210985660552979,-1.4169182777404785,-1.716400384902954,2.4335384368896484,2.3134095668792725,-0.5285401344299316,-1.068899154663086,0.014103353954851627,train
TCGA-GM-A2DF,-1.2292050146845357,-3.8482948548083997,-0.8667841288348482,0.734483652143154,3.124535802854861,0.675286530433865,0.40219240968482656,0.09442043712402044,0.2476675596087675,-0.5254610750382193,test
TCGA-D8-A1XK,-2.3821682929992676,-5.511903285980225,-6.152632713317871,-1.2138288021087646,0.03784037381410599,2.036094903945923,2.0790486335754395,-0.17196476459503174,-0.5133390426635742,0.276945561170578,train
TCGA-AO-A1KR,-0.38340461930440584,-3.9965844367982477,0.24083875813050923,0.0526315579831332,-0.9737316754814721,0.45544749996706674,0.6670358708651628,0.5887683924345204,-0.8756339099781648,-0.9099912801581752,test
TCGA-B6-A0WX,-1.680915089027356,-3.2344776615113715,-1.1797675709890607,1.7116108585873315,-0.15676159476360807,0.13084435167851988,0.44349095208157846,1.1895284547546487,-0.053316580086199904,0.12570271647559952,test
TCGA-AR-A1AI,-2.523508310317993,-5.353479385375977,1.5522568225860596,-1.5361950397491455,3.8343610763549805,1.4164937734603882,-1.1981910467147827,0.12802532315254211,-1.336869716644287,-0.23788687586784363,train
TCGA-A2-A1G1,-0.21802560985088348,-5.061249256134033,-2.758363723754883,-0.9864183664321899,1.1519267559051514,0.5688092708587646,-0.16487182676792145,-0.16475646197795868,-0.4290138781070709,-0.39098167419433594,train
TCGA-E9-A244,-1.7718392610549927,-4.742146968841553,0.35712552070617676,1.2144683599472046,-1.4344426393508911,1.6207683086395264,-0.9115155339241028,0.5571351647377014,-2.0018115043640137,0.34062641859054565,train
TCGA-BH-A18V,-1.6912761017355562,-4.25642871290473,0.7545590876661521,-0.6267234713280729,2.3974386814984214,0.6106038831371002,1.1821720182099629,-0.443913070411548,-0.5736472030124875,-0.5756133683964794,test
TCGA-A2-A0YM,-1.2237986200379471,-5.698230861109185,0.5196055255641293,1.123972567344058,-1.3576655015745265,1.7856964048405706,1.5804721575149088,0.2615652969635282,-0.7448482624346546,0.017171898889610075,test
TCGA-EW-A6SB,-0.7963293790817261,-5.508314609527588,-1.012191653251648,-1.6078335046768188,5.388445854187012,1.9031901359558105,1.401107907295227,0.6783073544502258,-1.3924871683120728,-1.1494014263153076,train
TCGA-HN-A2NL,-0.9539062532417478,-3.72545055967174,-0.7611805620260048,1.0762947877767854,0.31116678034928247,1.8632581531620358,1.2712334868859694,0.3818648027152798,0.11522862504573535,0.8321487772371635,test
TCGA-BH-A0B3,-3.355797290802002,-3.00242018699646,0.9153769016265869,-0.08713039010763168,3.4428234100341797,0.14289215207099915,1.0156975984573364,0.7098402380943298,0.5839934349060059,0.021677209064364433,train
TCGA-D8-A27M,-2.486877679824829,-4.128198146820068,0.4506493806838989,1.472340703010559,2.4399592876434326,1.2688145637512207,-0.9519047737121582,-0.2988567650318146,-0.6174987554550171,-0.1729758083820343,train
TCGA-C8-A8HP,-1.5684517621994019,-1.6724039316177368,-2.527601718902588,-0.692321240901947,4.655138969421387,-2.871396064758301,0.1021055057644844,-0.2061844915151596,1.1354800462722778,0.28904053568840027,train
TCGA-AO-A0JE,1.648901104927063,-1.027323842048645,1.5226246118545532,-1.3742156028747559,2.6061618328094482,-3.6457366943359375,-0.36938920617103577,0.05278665944933891,0.31202343106269836,-1.4472814798355103,train
TCGA-3C-AALI,1.065285325050354,-1.0057311058044434,-1.7598991394042969,-1.8102855682373047,2.4025380611419678,-2.2335262298583984,-3.919281244277954,-0.5007112622261047,2.471092939376831,0.4225836992263794,train
TCGA-LL-A5YO,-2.2081854343414307,-2.4711859226226807,2.0554070472717285,-0.6851050853729248,5.53699254989624,-2.5102579593658447,1.3375400304794312,0.1863909214735031,1.224901795387268,-0.4051402509212494,train
TCGA-BH-A1EN,2.482705037801002,-0.2765905657302818,0.4050928156499663,-1.2779678137859476,-2.3602110136341774,-2.146004224234754,1.0610624892022524,-1.2005286520234293,0.061266927296130425,-0.33738789908985173,test
TCGA-E2-A1LB,0.48691678047180176,-0.11814826726913452,-0.8077820539474487,-1.6084620952606201,0.07047021389007568,-4.986685276031494,1.6112573146820068,-0.48847296833992004,0.43340617418289185,1.6422693729400635,train
TCGA-D8-A1JG,0.47033932235952536,-2.186763008878291,0.024829888196655176,-1.2644400407156964,2.979096109854875,-3.6100604572822896,0.35384207363268244,-0.5630721087293585,1.5068289209552426,0.31272319242361674,test
TCGA-E2-A1LE,1.2642766771865903,-1.526709332925156,-0.044763946969505815,-0.16446705972956663,-0.4390344766804575,-2.8580417894530004,0.966970271849222,-0.7550388141781874,0.7792801000957184,-0.07538377591593216,test
TCGA-AR-A24U,0.0057476807440323685,-1.5394207117088576,0.47701509634920747,-0.5373062925783362,3.396404513552039,-2.7540778043106506,-0.39310095448629895,-1.4394747707125024,0.3488753970194713,-0.18589379807551118,test
TCGA-C8-A275,1.7102222442626953,-1.8171472549438477,2.0108964443206787,-1.6750667095184326,4.323213577270508,-3.5708250999450684,2.528533458709717,-0.3485814034938812,1.1293832063674927,1.3371102809906006,train
TCGA-OL-A66P,0.07810282707214355,-1.7701685428619385,-0.147563174366951,-0.35204967856407166,5.26198673248291,-3.3955485820770264,-0.0654957965016365,-0.4371078312397003,2.16739821434021,-1.5702427625656128,train
TCGA-GM-A2DH,0.38254833221435547,-1.37130606174469,1.6098421812057495,-1.553362250328064,0.9357646703720093,-1.1386550664901733,1.8545459508895874,-0.6362660527229309,-0.2324107587337494,0.6371577382087708,train
TCGA-C8-A278,0.8854048848152161,-1.346137523651123,0.7509102821350098,-1.8631031513214111,5.933671474456787,-3.605245590209961,0.6877376437187195,-0.4715230464935303,0.8398726582527161,0.3000522553920746,train
TCGA-D8-A1JA,1.6885418891906738,-1.3429983854293823,1.569762945175171,-2.7668726444244385,-2.268326997756958,-4.164499759674072,-0.757245659828186,-0.7597932815551758,-0.3328343629837036,1.9594835042953491,train
TCGA-C8-A26Y,-0.5865700244903564,-2.668985366821289,0.18069235980510712,-1.831159234046936,-1.918084740638733,-3.4219624996185303,-2.4926702976226807,0.07981306314468384,3.212641954421997,0.1531689465045929,train
TCGA-D8-A1XT,-0.508199155330658,-2.601362943649292,-0.2170531004667282,-1.8654357194900513,-2.8611388206481934,-2.9205005168914795,-0.025370119139552116,-1.475464940071106,2.369819164276123,1.1693702936172485,train
TCGA-A2-A3XZ,-0.47872936944720196,-1.5748462503766565,-0.960430847294529,-1.1039723672176087,3.7949444047987093,-1.121295223861011,1.1025932164780599,0.060648234311797555,0.4213274087862738,0.1993387502236256,test
TCGA-B6-A0IK,1.2067196369171143,-1.0569554567337036,-3.339280843734741,0.06448069214820862,0.609019935131073,-2.3013112545013428,2.197364568710327,0.9752329587936401,1.6774812936782837,0.490022748708725,train
TCGA-EW-A2FR,-1.2217997312545776,-1.1789346933364868,1.2574163675308228,-0.8741198778152466,0.6581137180328369,-2.4484992027282715,0.6140701174736023,-0.3560560643672943,0.8611207604408264,1.9017566442489624,train
TCGA-E9-A1RH,0.1633901447057724,-2.9119958877563477,-2.462104558944702,-1.8498163223266602,-0.4327308237552643,-3.9693922996520996,-3.2893893718719482,-0.7420705556869507,2.814422607421875,-0.04395260289311409,train
TCGA-C8-A1HF,0.7946777939796448,-0.9681912064552307,2.1308372020721436,-2.8647968769073486,3.6844685077667236,-1.8172472715377808,1.8415876626968384,-0.34823083877563477,-0.5441579818725586,2.314734697341919,train
TCGA-A7-A4SF,2.2189383506774902,0.5980637669563293,1.76371431350708,-3.1067121028900146,0.5547105073928833,-0.8445360660552979,-5.055413722991943,-0.477509468793869,-0.39270758628845215,-1.4245773553848267,train
TCGA-A2-A0T1,-1.4570999145507812,-1.4664589166641235,1.4540894031524658,-0.38385191559791565,4.7770586013793945,-3.3649158477783203,-1.7311427593231201,-1.2856371402740479,1.031192421913147,0.29116931557655334,train
TCGA-UU-A93S,2.2063584327697754,-2.946136713027954,0.46247395873069763,-2.3664662837982178,-1.3828285932540894,-4.153477668762207,-3.559321641921997,-0.11979604512453079,1.2909213304519653,-2.1499147415161133,train
TCGA-D8-A1JF,1.9304783344268799,-1.6953576803207397,0.2627125680446625,-0.5103293657302856,2.771498918533325,-5.0318074226379395,-1.8773553371429443,-1.1005136966705322,1.1245622634887695,-0.8524929285049438,train
TCGA-C8-A1HK,0.7656936645507812,-0.7624115943908691,1.8874406814575195,-2.1839895248413086,2.43064022064209,-1.5621984004974365,-2.123805284500122,-0.44456925988197327,-0.8973376750946045,4.384665489196777,train
TCGA-BH-A203,1.7498233318328857,-1.26492178440094,1.3478449583053589,-0.416313111782074,1.6786855459213257,-2.738605260848999,3.16821026802063,-0.7118722796440125,0.8626161217689514,0.0800863578915596,train
TCGA-GM-A2DB,-0.7872707357003229,-2.6819373966659743,0.21839737864018752,-0.8746587636584349,1.4264657798486151,-2.9263771898508906,-1.3267771030802864,0.033494009385265734,1.1602755117712535,-0.4330921352103205,test
TCGA-C8-A26X,1.339876413345337,-2.296663522720337,-0.2830715775489807,-0.9228706955909729,5.515824317932129,-4.245473384857178,0.9917339086532593,-0.9012863039970398,0.6187071800231934,-0.7595153450965881,train
TCGA-OL-A5RZ,1.681199312210083,-1.3364908695220947,-1.9998278617858887,-1.1656237840652466,-1.937050223350525,-1.5456429719924927,-3.7771389484405518,-0.5315778851509094,-0.14310871064662933,2.9782447814941406,train
TCGA-JL-A3YW,1.2908544540405273,-3.0012097358703613,0.764487624168396,-0.3121592104434967,0.39941880106925964,-4.60340690612793,1.0408961772918701,-0.5137640237808228,1.0778857469558716,-0.9320313930511475,train
TCGA-EW-A1OV,1.0324695110321045,-1.2915337085723877,-0.21160605549812317,-1.04020094871521,4.873888969421387,-1.4246875047683716,-0.34555941820144653,-1.480148196220398,-0.35054102540016174,0.324633926153183,train
TCGA-AR-A0TX,0.6680780978461085,-0.29497361833211405,-0.4466498727256997,-0.15709255259430657,2.0113281808077876,-2.063606957514882,1.0490422481726875,-0.5023608450169478,0.9694635308944787,0.6323781886241193,test
TCGA-EW-A6SD,-1.0513559579849243,-1.7808218002319336,-1.6714532375335693,-2.2336483001708984,3.9913105964660645,-3.7339258193969727,0.7196289300918579,-0.13130147755146027,-0.023208877071738243,2.1784791946411133,train
TCGA-AR-A254,1.1650155634238144,-0.1709419125596708,0.7738453646439214,-0.6413475429591687,0.787715726518918,-1.4302325947900005,1.7852112198460128,-0.411729275388996,-0.5361286734311582,0.7695745843496677,test
TCGA-AR-A1AT,1.7525633573532104,-0.5521711111068726,1.3534209728240967,-1.5587266683578491,2.5966641902923584,-2.9069902896881104,1.446352243423462,-0.3133724629878998,-1.0264123678207397,-0.2885882258415222,train
TCGA-E2-A1B0,-0.5433135628700256,-3.0845513343811035,-0.6611307263374329,-0.10127519816160202,1.0431909561157227,-3.5962343215942383,-2.606295347213745,-0.3369426727294922,0.5686519145965576,0.6161181926727295,train
TCGA-BH-A1EV,1.3521976470947266,0.6508521437644958,1.349111557006836,-1.87396240234375,-2.4412646293640137,-3.36666202545166,2.1589410305023193,0.722256600856781,-0.8890100121498108,3.253788948059082,train
TCGA-AC-A3W5,0.948223384389479,-0.7486769913274571,-0.31697906725900893,-0.25416179907789566,0.5648296882772271,-3.2826477342822753,0.08107061405301379,0.21800182891138886,0.49899128205610593,0.2669095614009443,test
TCGA-E9-A248,-1.6269247911761557,-2.550781176487334,1.141383665123265,-1.193147859419536,4.6132660149598275,-1.0048572031091554,-2.0471784769365757,-0.34073476015311693,0.7431185073095804,0.5058266022135958,test
TCGA-D8-A1XJ,2.612060546875,-0.9624947905540466,0.921890139579773,-2.195706605911255,-2.543536424636841,-2.9644670486450195,3.784135103225708,0.08997534215450287,0.6303778886795044,1.1808080673217773,train
TCGA-A2-A4RY,-0.4608430482645429,0.5247485891722158,-2.6632371258038057,2.174292537045918,-0.5235099174761898,-0.4838147340068435,0.9906920147908033,1.4184557467718937,0.22521388739137463,-0.2620008874213719,test
TCGA-A2-A0YK,0.01130002923309803,0.5405727624893188,-3.1405599117279053,4.0625739097595215,2.5751984119415283,-1.2047823667526245,1.9353159666061401,0.7908053994178772,-0.32464540004730225,-0.2105807662010193,train
TCGA-PL-A8LY,-3.706719398498535,-0.23890338838100433,-0.9718847870826721,2.5263900756835938,-2.4350898265838623,0.7650581002235413,1.5856600999832153,3.0861573219299316,0.39173442125320435,-0.9766440987586975,train
TCGA-E2-A108,-0.8996331904621967,-0.04791689836985246,-1.4699478793006613,3.0993499547241075,1.7654997165285227,-1.1082723691914977,1.1974884686114593,-0.5688790555215688,0.27346303521911786,-0.3317238725320788,test
TCGA-A2-A3XW,-1.0005880526647166,-0.05094252105155018,-0.7765753732176407,1.1248856950421808,-0.15847008188116984,0.5865466822149682,0.8295288033602327,0.4703414298453176,0.7535027096411323,-0.6728365028112503,test
TCGA-AR-A2LQ,-1.083687424659729,0.3799024224281311,-3.2674639225006104,4.263831615447998,1.547871708869934,-2.172722578048706,2.1757757663726807,0.5075629353523254,-0.06054544448852539,-0.6751095056533813,train
TCGA-BH-A8FZ,-1.0017039775848389,0.8985920548439026,0.5673255920410156,2.611476421356201,2.0073952674865723,-1.006394624710083,0.7713024616241455,1.5764037370681763,0.8256601691246033,0.32211294770240784,train
TCGA-BH-A208,-3.558462381362915,0.3825475573539734,-1.5759843587875366,5.683831691741943,0.3295610845088959,0.7134138941764832,1.1850465536117554,1.870999813079834,0.25580713152885437,-0.4063468873500824,train
TCGA-D8-A1XW,-3.2586710453033447,-4.0416789054870605,1.1174888610839844,0.20174957811832428,-0.9075087308883667,1.00022292137146,-0.7116593718528748,0.7766125798225403,-1.3958958387374878,-0.10327856242656708,train
TCGA-AR-A2LH,-1.0941275358200073,-0.5187088251113892,-1.8709391355514526,2.0962908267974854,2.7895169258117676,-1.9489294290542603,1.5735182762145996,1.0796359777450562,0.02537507750093937,-0.9114295244216919,train
TCGA-EW-A1PG,-1.3389652967453003,0.5880750417709351,-0.8505723476409912,2.0186781883239746,-1.1285698413848877,-0.9315441846847534,0.203929141163826,1.7570801973342896,-0.1618828922510147,0.4422765076160431,train
TCGA-GM-A2DD,0.8089241981506348,-1.5928747653961182,-1.65565824508667,1.0326076745986938,0.8589007258415222,-4.00107479095459,-1.3373090028762817,-0.42283913493156433,1.7272039651870728,-1.7520396709442139,train
TCGA-AO-A1KO,-1.7756763625026473,0.2266663172648139,-0.15930525998658682,3.0425963337743673,-1.8484586473354472,-0.07781656178365708,0.4944989330920068,0.9988130977174686,-0.24085285506116097,-0.04510175521646853,test
TCGA-AO-A03U,-3.74348783493042,-1.9567337036132812,0.36784717440605164,1.9154709577560425,-1.3207495212554932,-0.48116058111190796,0.810226559638977,0.7430777549743652,-0.29952794313430786,-1.2006745338439941,train
TCGA-LL-A73Z,-0.7035504579544067,-0.9471527338027954,-1.9071937799453735,2.4344875812530518,-0.28346508741378784,-1.85890793800354,1.8338871002197266,1.6013680696487427,0.9070332646369934,0.1094059869647026,train
TCGA-A2-A1G6,-2.5966315966781996,0.287656248551496,-1.1285165386680076,2.6743357704959725,-0.5629364328714556,-0.1095174249564292,0.9772807876678306,0.9188934846158404,0.2094428060868684,-0.37379825026823754,test
TCGA-C8-A8HR,-1.584252953529358,0.39218270778656006,0.4924970865249634,2.062155246734619,0.07204433530569077,-0.02575673721730709,0.5864747762680054,0.006098582409322262,-0.0681094154715538,-0.468751460313797,train
TCGA-LD-A9QF,-1.3730531930923462,-1.611095666885376,-0.6885622143745422,0.5352304577827454,3.6941826343536377,-2.278812885284424,1.719200849533081,0.023591574281454086,0.7033683061599731,-0.8469433188438416,train
TCGA-EW-A1P1,-1.5920924779760712,-0.7528942647611839,-1.3636746631102354,2.5357848024307024,0.33342079334247265,-1.292317263994648,0.6889494970549513,-0.26449740645022846,0.7880506097575465,-0.3745413112540574,test
TCGA-BH-A42U,-0.8531107902526855,0.21937629580497742,-1.4977836608886719,4.076516628265381,0.3771136701107025,-0.9790526032447815,1.6074873208999634,2.024909019470215,0.4169127345085144,-1.9701189994812012,train
TCGA-AR-A1AO,-3.0721802711486816,-1.9354674816131592,1.5430413484573364,2.2015535831451416,1.6344599723815918,-1.6142092943191528,0.2779645025730133,0.013796689920127392,1.0301634073257446,-0.5926817059516907,train
TCGA-LL-A441,-1.749515175819397,-2.9243078231811523,1.7027456760406494,2.051270008087158,2.380457878112793,1.0745774507522583,1.5020962953567505,0.6003112196922302,-0.5181471705436707,-1.1884758472442627,train
TCGA-BH-A6R9,-1.7574001550674438,-2.310032606124878,-1.5341928005218506,-0.10243836045265198,0.9336744546890259,0.2083466798067093,1.8100367784500122,-0.5073138475418091,0.5372132062911987,-0.805227518081665,train
TCGA-A2-A25A,0.5410203337669373,1.220716118812561,-0.043550845235586166,2.5859501361846924,0.3194993734359741,-0.28789782524108887,-0.3546866178512573,1.6872482299804688,0.08744657039642334,-0.7665281891822815,train
TCGA-AO-A0JB,-1.1340628862380981,-0.040578700602054596,0.37570419907569885,1.5338245630264282,-1.2346082925796509,-0.3969326913356781,-4.504034519195557,1.8943355083465576,-2.25724458694458,-0.37430310249328613,train
TCGA-AR-A1AX,-1.9744399785995483,0.46991607546806335,-6.795973777770996,0.07943463325500488,3.6010048389434814,-0.9268952012062073,1.600877285003662,0.3232833445072174,0.09437824785709381,0.5564139485359192,train
TCGA-AQ-A04L,3.479487657546997,-0.6556443572044373,-3.5447781085968018,-2.175947666168213,-3.9203884601593018,-3.870664358139038,0.45356985926628113,-0.466050922870636,-1.1690045595169067,0.30791956186294556,train
TCGA-AN-A0XT,0.16422335462889093,2.436478580824509,1.1034712448863722,-0.8313510520651103,-1.5577510984778655,1.9253708371168414,-1.9319423486437224,-0.6958499086427455,-0.336515246310152,0.04066771748371934,test
TCGA-GM-A4E0,-0.0924205407500267,1.236068844795227,-0.7363126873970032,4.482771396636963,-0.7849343419075012,-0.844687283039093,1.3685208559036255,-0.995661199092865,-0.44073817133903503,-2.0570929050445557,train
TCGA-GM-A2DM,-2.581552505493164,2.4938085079193115,-0.06635566055774689,-3.0583481788635254,-4.0291242599487305,1.5371736288070679,0.7218173146247864,-1.082639217376709,-0.5037974119186401,-0.3742087483406067,train
TCGA-AR-A0TZ,4.903535842895508,1.8720966577529907,-3.233140707015991,-2.347774028778076,-3.532944679260254,1.6887348890304565,3.6586103439331055,-0.4285500943660736,1.20808744430542,0.34789296984672546,train
TCGA-D8-A1XM,-0.5509999990463257,1.8146806955337524,0.7693805694580078,1.1939311027526855,0.6226044297218323,-0.050164975225925446,0.03740217909216881,-0.9002234935760498,-1.1098817586898804,1.1521819829940796,train
TCGA-LQ-A4E4,3.4717986956876152,1.258858223739044,0.7999449276006915,-0.1786203221015706,-2.3431845234544038,-1.3595779316194605,0.37820556475705835,-0.06776922335714401,0.07831398811630745,-0.10243616237700827,test
TCGA-BH-A0H7,2.2272191047668457,0.2803654074668884,-5.2005510330200195,5.38090705871582,-1.17734694480896,0.12380828708410263,-3.985086679458618,2.130612373352051,3.7971017360687256,-0.06703205406665802,train
TCGA-OL-A66K,2.599144458770752,2.093165636062622,-2.92274808883667,-0.22662262618541718,-0.867491602897644,0.2718881070613861,1.7197761535644531,1.3002426624298096,-2.067401885986328,0.40483835339546204,train
TCGA-AN-A0XW,-1.302427887916565,1.280077338218689,1.4785126447677612,-1.9337505102157593,2.6864659786224365,-0.05994425341486931,-0.7433927059173584,0.33551305532455444,0.6681185960769653,0.9238230586051941,train
TCGA-AC-A5XU,3.980189561843872,0.8425155878067017,1.1503511667251587,-2.3699822425842285,2.065013885498047,2.473456859588623,-0.3718664348125458,0.12272250652313232,0.6328851580619812,-0.04787923023104668,train
TCGA-A2-A1FZ,-0.049504828382556286,0.8973449908841656,-1.999185535925222,0.9668082494596016,-1.1734421530333607,-0.4339118780601163,0.6437284562299835,-0.2123927746762824,-0.5102413402775615,-0.06889314034672232,test
TCGA-E2-A10E,2.55989408493042,2.4741880893707275,0.7960568070411682,-0.24924695491790771,-2.057215690612793,-0.21401643753051758,1.9323160648345947,0.3188750445842743,-0.25301143527030945,-0.24597546458244324,train
TCGA-A2-A0CK,0.5446301102638245,2.0420122146606445,-0.5274238586425781,2.0622355937957764,-0.3771970570087433,1.2667486667633057,0.4627114236354828,0.3630143702030182,0.12122926115989685,1.6707520484924316,train
TCGA-AC-A3QP,-0.5470649307172847,1.10289308414326,-0.6237092963820474,1.0415046427489079,0.2246215432446564,-0.7264835269884014,0.08207454234812961,0.9824920986351154,-0.6789705836270739,0.0035107513051267545,test
TCGA-D8-A1XV,1.7331714630126953,2.9001963138580322,0.5774532556533813,-3.1184117794036865,-3.401416540145874,2.317758798599243,1.3827729225158691,-0.8257343173027039,-3.020390748977661,-1.8780717849731445,train
TCGA-BH-A0DP,-1.1405890342209097,0.9428964733168278,-1.0449257157576914,1.8433866355223085,0.021153563565939375,-0.9340045121710254,0.5472437676516612,0.6330580870062902,0.38709991155137685,-0.1859194957394681,test
TCGA-AC-A3W6,0.22214661538600922,1.3906315565109253,-1.720709204673767,0.3510970175266266,0.09904514253139496,-1.515586256980896,2.0990686416625977,-1.1119500398635864,-1.1592235565185547,-0.4433826208114624,train
TCGA-BH-A6R8,1.056564211845398,2.257957696914673,-2.9860405921936035,-3.682424783706665,-0.055252183228731155,0.9932472109794617,-4.780157566070557,-0.2677822411060333,2.011127233505249,-0.2550744414329529,train
TCGA-UL-AAZ6,2.7605904232418994,0.9024839272404289,0.27028011814768416,-2.566526026159179,-1.518267900181687,0.3192750851688757,-2.1463348398564226,-0.18090193249889175,1.8911146947689392,0.36704385025900593,test
TCGA-W8-A86G,-0.5456868410110474,1.9199957847595215,-4.6701531410217285,2.5077269077301025,-2.909437656402588,-0.5102859139442444,0.7038219571113586,2.8239691257476807,-0.7064523100852966,-0.004813006613403559,train
TCGA-A7-A3J0,-2.9327409267425537,1.9226832389831543,-1.4382905960083008,-1.98579740524292,-1.001888394355774,2.6306190490722656,-1.414705514907837,-0.2682134807109833,-1.3251755237579346,-0.08600721508264542,train
TCGA-EW-A1J1,-1.6292394399642944,2.892645835876465,1.477077603340149,-3.2508432865142822,1.6590049266815186,2.7185981273651123,-5.082585334777832,-0.6736425757408142,0.9969363808631897,1.2585309743881226,train
TCGA-BH-A0E2,2.4465508460998535,0.9013590216636658,0.6758193373680115,-0.8172032833099365,-0.03408044949173927,1.852901577949524,2.303292751312256,0.22531194984912872,0.882013738155365,1.6090728044509888,train
TCGA-BH-A0HK,3.8450002670288086,0.8244097232818604,-4.432851314544678,2.7007460594177246,1.6088389158248901,-0.6323637962341309,2.4443471431732178,-0.4055624306201935,-1.9537235498428345,-1.0406352281570435,train
TCGA-B6-A0RV,0.46364524960517883,1.7419289350509644,-0.8539660573005676,0.8684398531913757,0.9745728373527527,0.43904098868370056,2.4662680625915527,1.3786238431930542,1.0739634037017822,0.4974399507045746,train
TCGA-GM-A3XN,-0.021292786541023734,1.3693513445769707,-0.7445499227297437,1.7337719811262573,0.5342389413965026,-0.47988693144231886,0.6095071366473219,0.4848987582788009,-0.8152301132872068,-0.15430892407784638,test
TCGA-AN-A0XS,0.5404906368747597,1.8645095136684067,0.28573783738499503,0.16488992724223475,1.3964996443211433,-0.5532444061058294,-0.7746883158931018,0.3122054262511019,0.5866461737545976,0.25942214641619255,test
TCGA-D8-A27T,0.5056573152542114,2.2478041648864746,0.6003825664520264,0.1997479498386383,1.522932529449463,-0.537519097328186,-3.96187162399292,-1.111081600189209,-0.5055765509605408,-0.1391763836145401,train
TCGA-EW-A1J5,2.0766475200653076,1.6546331644058228,1.0688506364822388,-0.8331912159919739,1.1754224300384521,1.017551064491272,-2.4852957725524902,0.3153856098651886,0.07787752151489258,-1.1445764303207397,train
TCGA-BH-A0BJ,-2.1298254377299775,0.601018558394103,-0.1685734255652613,3.367241361797909,-1.1455023106547697,0.5717242046529164,0.8256906213465824,0.8945631248191462,0.2961930665134027,-0.3918146596949543,test
TCGA-E2-A1IU,-0.3080177307128906,2.712754487991333,-1.598631501197815,0.015617674216628075,1.1806126832962036,0.6008120775222778,-2.491691827774048,1.2279568910598755,0.10192541033029556,-0.3838076591491699,train
TCGA-A7-A425,1.109522804750092,1.9209033965626585,-0.11314322238466142,1.096617122971768,-1.1789704315576661,-0.42819646178700665,-0.45579125712568896,0.37207637797221454,-0.5091495685457585,-0.759545470655785,test
TCGA-E9-A24A,-2.5739219188690186,2.0347752571105957,1.4278486967086792,-2.6054179668426514,-3.1339309215545654,-0.009557893499732018,-0.42954909801483154,-0.724675714969635,-1.9106578826904297,0.5441129207611084,train
TCGA-AR-A0U3,3.7710371017456055,1.4965020418167114,2.3016884326934814,-1.4814153909683228,-2.0736048221588135,0.21495521068572998,-1.8069320917129517,0.4662278890609741,1.5658001899719238,-1.0598258972167969,train
TCGA-A2-A3KD,-0.7848905045399602,2.1043493400868516,-0.2847039463283202,-0.07078126955545251,-0.8820076827643538,0.2071983398212273,0.4804119697542377,0.7455558071097338,-0.7146346505667291,-0.46558555587137235,test
TCGA-AR-A1AM,-1.5039920806884766,1.9546751976013184,-1.6654856204986572,1.7394192218780518,1.109802007675171,-0.58852219581604,-2.1796185970306396,1.5253682136535645,-0.27456578612327576,0.10127338767051697,train
TCGA-AR-A5QN,2.479724168777466,1.3863637447357178,1.8230119943618774,1.9108158349990845,-1.4297544956207275,0.12869144976139069,3.914368152618408,-0.566942572593689,1.4784622192382812,-0.5984314680099487,train
TCGA-E2-A1L8,0.35752958059310913,2.515571355819702,-0.1733984649181366,-0.08714453876018524,0.535760760307312,-0.987777054309845,-3.4850962162017822,-1.0945831537246704,-1.901136875152588,-0.18561282753944397,train
TCGA-C8-A1HO,4.014598369598389,1.740566611289978,0.11544125527143478,-3.0105316638946533,1.570111632347107,3.6986072063446045,2.398435354232788,-1.2495404481887817,1.5671058893203735,1.9114365577697754,train
TCGA-JL-A3YX,1.3059184551239014,1.485127568244934,-1.7012691497802734,0.04671308398246765,-1.9082973003387451,-1.2365721464157104,-1.9841912984848022,1.2413045167922974,0.48749402165412903,1.5036120414733887,train
TCGA-BH-A0DI,-1.310329195021492,0.025659029006518026,-0.4947862055419285,2.00496505757545,-0.7910586161022038,-0.13428943350373237,1.1741590653877183,1.0340147899107894,0.33248993822745937,-0.09690429819504774,test
TCGA-OL-A5RV,-0.9313501715660095,2.2676446437835693,0.7316828370094299,1.6001267433166504,-0.40390339493751526,-0.8141965866088867,-0.3830603361129761,2.89412784576416,-0.658157467842102,0.11155004799365997,train
TCGA-A2-A0CT,4.974680423736572,0.9185953736305237,1.0619922876358032,-1.239953637123108,-2.0394232273101807,1.952990174293518,3.902761936187744,0.2709871828556061,1.818568468093872,1.0608733892440796,train
TCGA-AR-A1AS,0.956188976764679,1.5330355167388916,2.149188280105591,-2.8647830486297607,-4.390116214752197,-2.3116376399993896,-4.3010149002075195,0.4625699520111084,-2.406582832336426,-0.3662926256656647,train
TCGA-AC-A3TN,2.444744110107422,3.134681463241577,-3.346165418624878,-0.3610955476760864,-3.3639464378356934,-0.541915774345398,0.7147897481918335,0.7281249165534973,-1.3804782629013062,-0.4631141424179077,train
TCGA-B6-A2IU,0.46225613355636597,2.821164846420288,0.4801752269268036,0.19598886370658875,-1.9825247526168823,0.6028409004211426,-3.4802350997924805,0.8871650099754333,-0.4001818001270294,0.004980092402547598,train
TCGA-S3-A6ZG,3.348151922225952,2.362907648086548,1.0767279863357544,-1.6213873624801636,2.241028070449829,0.9245184659957886,3.223437547683716,0.9339519143104553,-0.48724907636642456,-0.2523500621318817,train
TCGA-AC-A23C,1.1653319597244263,0.9160631895065308,0.3308541476726532,-0.33026543259620667,2.4007177352905273,-1.7821969985961914,0.06874322146177292,0.024824440479278564,0.37898319959640503,0.44066381454467773,train
TCGA-AC-A2FM,2.024545374007737,1.516661542999343,0.21446958820459736,1.1889745846337936,-1.0456475964771534,1.1317548355376135,1.3385385324687684,0.24692598786072206,1.2812027759829026,0.045454531225054974,test
TCGA-BH-A0DS,2.002054257109318,1.0834257885180905,0.2333006495240368,-0.0763297107344032,0.15008363913506875,-0.6713768384354813,1.1085733224594352,-0.5511019060387535,-0.41591121976834516,-0.07006289240006246,test
TCGA-LD-A7W6,0.8202856183052063,2.962914228439331,1.3873215913772583,1.4360638856887817,1.2343199253082275,1.0857806205749512,-0.4794325530529022,1.3505277633666992,-1.1463897228240967,-0.25227946043014526,train
TCGA-A1-A0SH,-0.691449761390686,1.1072050333023071,0.3832491636276245,0.21222016215324402,-0.9523294568061829,-1.0935611724853516,-0.4603833556175232,1.3476660251617432,0.9605368971824646,0.7173730134963989,train
TCGA-GM-A2DK,-0.1418505971349702,0.9672016773285327,-0.10603620876007731,1.0128602726709308,0.2854727969195008,1.0543050835871135,-0.10303538255623972,-0.5613699378809317,1.3300134117671056,0.06085141138257629,test
TCGA-EW-A423,3.628427743911743,1.4954097270965576,-3.2638566493988037,-2.1064629554748535,-1.9396634101867676,-0.5238118171691895,1.1751158237457275,0.5351192951202393,-1.5899854898452759,-0.8857793211936951,train
TCGA-BH-A0BS,-3.523332118988037,2.045450448989868,2.2689812183380127,-0.4719473719596863,-4.286168098449707,-0.22076795995235443,1.7861199378967285,0.002700813813135028,0.14961916208267212,-1.0966330766677856,train
TCGA-A2-A0YD,0.13634316623210907,2.0258939266204834,1.2639026641845703,1.4404147863388062,-0.409589022397995,-1.1449871063232422,1.1767020225524902,0.20202581584453583,-0.837094783782959,-0.23335523903369904,train
TCGA-BH-A1FB,-3.4675912857055664,0.581640362739563,-1.4841532707214355,5.708463668823242,0.7750808000564575,-0.48366478085517883,1.6321645975112915,1.6749616861343384,0.567014217376709,-0.22565919160842896,train
TCGA-E9-A1R6,2.2704310197731634,0.9102984011326457,-0.8399981499737298,-1.1082766940561866,-1.3481159424176126,1.734742393514339,-0.19998930798593717,-0.248933566538819,1.0059816813052047,0.30741380838798915,test
TCGA-GM-A2DN,0.05798003450036049,0.8168296813964844,0.11028473824262619,-0.508821964263916,3.4254674911499023,-0.8663609027862549,1.3598178625106812,1.3605895042419434,-1.6636221408843994,-0.7220532298088074,train
TCGA-AC-A2QI,-0.22134441137313843,1.9150141477584839,2.0527899265289307,-0.44503849744796753,0.07150574773550034,-0.7815999388694763,-3.483311653137207,0.1785774677991867,-1.0254865884780884,-0.9087053537368774,train
TCGA-E9-A1R0,0.5514948964118958,2.6286935806274414,-3.9584743976593018,2.4667975902557373,1.6628754138946533,0.793565571308136,-2.1270763874053955,-1.179626226425171,0.08389919996261597,0.10440246015787125,train
TCGA-D8-A1XC,0.196623757481575,3.371840715408325,-0.5663270950317383,-3.3511576652526855,-5.157979965209961,2.0756711959838867,-0.5262089371681213,-0.979464590549469,-2.9361557960510254,-1.048332929611206,train
TCGA-LL-A7SZ,0.4123893505710281,-0.40565172599184685,0.046207094051780064,-1.7244046139229539,5.039717098121243,-0.05513819315045384,-0.8546996270303685,-0.22966160507964117,0.22962855926107859,-0.4268788395925239,test
TCGA-E9-A1RA,-0.8629283905029297,1.7579617500305176,-0.9804713726043701,-0.7365541458129883,-0.49274173378944397,-0.7817462086677551,1.0618908405303955,-0.7582374811172485,-1.5048936605453491,1.8279527425765991,train
TCGA-EW-A1P3,0.5177925229072571,2.377854585647583,-4.035388946533203,0.23213718831539154,-0.8259188532829285,0.1860484778881073,-2.1977784633636475,0.2583099901676178,-0.8594828844070435,0.3902566730976105,train
TCGA-LL-A9Q3,2.284121513366699,0.8814961314201355,0.7865620851516724,-1.982982873916626,-0.03117697313427925,-0.5285968780517578,-0.5680955052375793,0.41165077686309814,0.6800113320350647,0.4512683153152466,train
TCGA-E2-A1L6,-0.9387972354888916,3.01167893409729,0.7815795540809631,1.6011792421340942,-2.351060628890991,0.07120732218027115,-0.0545719638466835,1.1963363885879517,-0.6403142809867859,-0.2733171880245209,train
TCGA-AR-A5QP,0.6280379327297662,0.9186312347238356,-1.0503261796072751,1.6173835127433585,-0.05273297059393578,-0.2291533290447505,1.4093945806768886,1.2421019811655876,-0.30487207799942956,-0.26520642756114826,test
TCGA-PE-A5DC,2.1964462862133045,1.1169903651399142,-0.054753980758204444,-0.6342791457355265,-0.9957911983769487,0.9759303449236026,-1.1955097684085643,-0.4250711135926423,0.35334765993814893,-0.29558638849456714,test
TCGA-C8-A3M7,0.6129532612448662,-0.21778779171154714,-0.9521528236736115,1.3346739309036495,1.115831673693825,-1.7841822530067624,1.4782810549506282,0.43021990203870936,0.24121200665499098,-0.06925838382984673,test
TCGA-GM-A2D9,2.419572353363037,2.1399903297424316,1.6803061962127686,-0.21238182485103607,-2.2869009971618652,-1.128435492515564,0.1812366247177124,0.4511232376098633,-0.05751118063926697,-0.3203396797180176,train
TCGA-A7-A0D9,0.7220538854598999,0.390114426612854,-1.7000250816345215,7.2043776512146,-2.4262633323669434,0.854319155216217,-0.6242027282714844,-4.485807418823242,2.0614187717437744,1.7191413640975952,train
TCGA-AC-A3W7,0.6768268346786499,1.9821085929870605,-2.341366767883301,1.5695630311965942,-2.5603060722351074,-1.8975651264190674,2.43695068359375,1.8797844648361206,-0.8395565152168274,0.32050850987434387,train
TCGA-BH-A8FY,3.759967803955078,2.833571672439575,2.6454591751098633,-0.9241495728492737,-4.899494647979736,0.796602189540863,-2.384704351425171,0.6945302486419678,-1.2136441469192505,-2.826352596282959,train
TCGA-E9-A3Q9,-0.8676589131355286,3.152418613433838,0.43599268794059753,1.1070414781570435,0.9742493629455566,1.5842961072921753,-3.899216413497925,-2.2545576095581055,0.20219551026821136,-1.4882621765136719,train
TCGA-S3-AA12,2.313049793243408,2.722123146057129,2.704167127609253,-3.679894208908081,-0.29835933446884155,3.2564139366149902,-6.278015613555908,-0.3929637670516968,2.6317739486694336,-0.5487043261528015,train
TCGA-A2-A4S0,-2.579055070877075,3.318725824356079,1.3101294040679932,-2.2995376586914062,-4.7270660400390625,3.5670559406280518,0.4699714481830597,-1.5830057859420776,-1.0068821907043457,-0.6040621399879456,train
TCGA-LD-A7W5,1.1545330115028203,0.5377790720209469,-0.5213185190868883,0.18484013988712358,2.7029362100779686,0.333547181989001,0.9317611612539269,0.075028700873125,0.6317270327344048,-0.5798829965182032,test
TCGA-B6-A0RN,3.1294102668762207,2.269477605819702,-2.038011074066162,-0.9550390839576721,-0.7411308288574219,-0.6408575177192688,-1.613747239112854,0.11586946994066238,-2.354252576828003,0.5418764352798462,train
TCGA-S3-AA11,2.3315699100494385,1.8001205921173096,0.19358223676681519,-0.7360748648643494,-3.2535674571990967,0.160703644156456,-2.0186119079589844,1.9159550666809082,2.1463303565979004,-0.28286024928092957,train
TCGA-AR-A24M,0.059070754796266556,2.757462739944458,0.32910481095314026,-0.038317110389471054,-0.929854691028595,-0.3948659300804138,-1.1475874185562134,1.6765848398208618,-1.3242549896240234,0.3179141879081726,train
TCGA-OL-A66O,4.025107383728027,2.279853582382202,1.123549461364746,-2.4420785903930664,0.20155392587184906,2.7030727863311768,-2.0112106800079346,1.34043550491333,2.060365676879883,-1.3841890096664429,train
TCGA-AC-A3YJ,-0.35582342557509916,2.7059380825914503,1.1309378495959181,-1.9326546604907617,-1.1311308871570005,0.30315788949466965,-0.5312230946535302,0.17330302935475986,-1.0330238575037836,-0.37901244117079735,test
TCGA-AO-A12E,2.948051929473877,1.4078307151794434,0.4758601486682892,3.0128393173217773,-1.4866704940795898,0.6678349375724792,2.081228494644165,0.7357105612754822,0.9769058227539062,-1.6586092710494995,train
TCGA-OL-A6VQ,-0.37543812326381293,1.8791018733936025,-1.7086998831725932,1.2824779634226469,0.12283727778360949,-0.47300456025756715,-0.19058647301825848,1.0669093358271207,-0.6515849174288845,-0.2643218464425828,test
TCGA-XX-A899,0.5928411483764648,1.2310066223144531,1.1624984741210938,2.2909598350524902,1.4550914764404297,-0.29010009765625,2.059251070022583,-0.522731363773346,-0.35948532819747925,-0.5129916071891785,train
TCGA-A2-A1FV,4.282704830169678,2.217705011367798,-0.42122578620910645,1.6838961839675903,-3.383397102355957,2.7191641330718994,-3.1526474952697754,-0.21974383294582367,1.477595567703247,-1.0327903032302856,train
TCGA-AC-A2B8,0.8982805596503773,1.9303749533351546,-0.7996082194248463,1.3749467931470714,-0.7888634856588069,-0.8976707530921383,0.16402413785712544,-0.07300779637549525,-0.6949772369460735,-0.005379869113764831,test
TCGA-A1-A0SQ,0.39910447106666397,2.5612737698837726,0.8560521182358979,-1.2435943252525254,-0.26979706623182337,1.71648449239813,-1.4923152823947206,-0.4801466174166797,-0.08760859534043647,0.052003428877014014,test
TCGA-OL-A66N,1.8161848783493042,1.1444506645202637,-3.276785373687744,0.7253164649009705,1.793755292892456,-0.8084685206413269,2.6484274864196777,1.2898849248886108,-0.2928082346916199,-0.3044334948062897,train
TCGA-AR-A1AP,2.698901891708374,0.7545847296714783,-0.1503857672214508,0.017782706767320633,-1.601306438446045,-0.8623496294021606,2.334404706954956,-0.17805565893650055,-1.5770951509475708,-0.34976139664649963,train
TCGA-BH-A201,-1.036359429359436,1.5637749433517456,1.5866305828094482,1.519283652305603,-2.3692052364349365,0.014713769778609276,1.5004663467407227,1.2600934505462646,-1.6562193632125854,-0.23584496974945068,train
TCGA-S3-AA14,-0.5802809000015259,2.2380363941192627,0.2094397097826004,1.2231318950653076,-0.0510878711938858,-1.1259551048278809,-0.88179612159729,1.4039491415023804,0.1758539229631424,1.1361620426177979,train
TCGA-E9-A3X8,-0.5459824800491333,1.0642805099487305,-0.33876559138298035,1.4654552936553955,1.6260117292404175,-1.0294042825698853,0.8610197901725769,1.156666874885559,-1.4409533739089966,-0.6694768071174622,train
TCGA-AO-A0JG,1.332759976387024,1.7696599960327148,0.8534259796142578,0.7050291895866394,0.8832463622093201,1.5017378330230713,0.14173012971878052,-0.21585281193256378,0.37827807664871216,-0.8084335327148438,train
TCGA-AR-A2LO,-0.12637990713119507,1.0602669715881348,-1.2937887907028198,1.9830923080444336,1.5850794315338135,1.2526837587356567,1.5265294313430786,0.9297834634780884,0.2599230706691742,-0.5622518658638,train
TCGA-E9-A1R2,0.00907164067029953,1.3593658208847046,1.3431402444839478,-0.26406556367874146,-1.0957950353622437,1.6970773935317993,0.45615649223327637,-0.6797336935997009,0.9292643666267395,3.0059731006622314,train
TCGA-BH-A1EO,1.2938571711633653,0.6140038151911854,-0.6418468796790467,0.8040870539005303,-0.7355684101544177,-0.08513251553816588,0.697361506281697,-0.3383478716295408,0.4690260150731424,0.4610803445537654,test
TCGA-AC-A2FF,-3.3584580421447754,1.0083656311035156,-1.6077954769134521,3.683347702026367,2.7277259826660156,-0.42139115929603577,1.535478949546814,0.019002584740519524,0.4007108211517334,-0.42193982005119324,train
TCGA-GM-A2DI,-1.5738773835913724,0.37664237541614604,-0.5581870999750298,0.6878139976151295,3.5430860097240413,-0.3011579868308759,0.4032025915418169,0.08255233562270443,0.10635242088536224,-0.3699692277579698,test
TCGA-D8-A1JU,-1.4075685739517212,2.1840827465057373,0.16835540533065796,3.1225199699401855,-0.07176922261714935,-1.1966313123703003,0.3036038279533386,-0.908019483089447,-0.9199755191802979,0.2587922215461731,train
TCGA-E2-A1B5,-3.7563490867614746,0.7082287669181824,-2.721362590789795,1.8194326162338257,3.7990076541900635,-0.39802485704421997,1.8583728075027466,-1.1248281002044678,0.40633630752563477,-1.3718452453613281,train
TCGA-OL-A5D8,4.4395318031311035,1.825502634048462,0.5958483219146729,-2.3557183742523193,-0.037911538034677505,1.4617103338241577,2.38004732131958,0.32581382989883423,0.48557764291763306,-0.5535618662834167,train
TCGA-D8-A1JB,-0.7976674243942683,0.8731482571262449,-0.4385530148760348,0.39327070349764953,2.4602063656492485,0.15237023156254179,0.5375992148573,0.4433051172265449,0.6567308688828509,0.23134161560945174,test
TCGA-D8-A73U,-0.6417261958122253,0.8646532893180847,-0.09913961589336395,-0.8715019226074219,6.036708354949951,-1.5491611957550049,2.0061869621276855,-0.28884902596473694,-1.2335256338119507,-1.2633514404296875,train
TCGA-E9-A1QZ,-1.2770808935165405,1.3778533935546875,-1.2968581914901733,3.079510450363159,1.671599268913269,1.3344957828521729,-1.5846045017242432,-1.2216945886611938,0.19101233780384064,-0.998175323009491,train
TCGA-PL-A8LX,-0.20802894234657288,2.2225611209869385,1.6578961610794067,-3.3780417442321777,-3.8175671100616455,3.237396001815796,-0.42562136054039,-1.6627380847930908,-0.8408567905426025,-0.853556215763092,train
TCGA-BH-A0DK,-2.2320361137390137,1.0428509712219238,1.7016053199768066,1.4415842294692993,2.7850022315979004,0.057160139083862305,2.1025524139404297,0.42320647835731506,1.1815595626831055,-0.5825920701026917,train
TCGA-BH-A0H6,-1.1817712783813477,2.473053216934204,-3.357179880142212,-0.7264856696128845,-3.1015231609344482,-0.3356282114982605,-1.8803372383117676,-0.47007787227630615,-0.1630227267742157,1.830536961555481,train
TCGA-D8-A1X8,0.4122100563880308,2.517378584892661,0.12124468136563578,0.3627053598737751,-0.20087397919679903,0.003759285691089113,-0.9266946320541313,0.39361689756590534,-0.21782795984695272,-0.3390605177035669,test
TCGA-EW-A6SC,-0.2897374927997589,2.4323787689208984,-3.453573226928711,0.24459725618362427,0.7857089042663574,0.7885980010032654,-4.128637313842773,0.5921066403388977,2.139866352081299,0.4239886403083801,train
TCGA-AO-A126,1.4500761032104492,2.773822069168091,1.7913635969161987,-1.4237489700317383,-1.951505422592163,0.2682633399963379,0.42396900057792664,-0.11001225560903549,0.21145012974739075,0.719571053981781,train
TCGA-E2-A15I,-1.6171182743217762,0.06477118201947414,-0.6571120425937004,3.8856746642431417,-0.06530530710112475,0.31902658080174257,0.4963860602139916,-1.0369005189068812,0.20559866215468733,-0.2448618395155778,test
TCGA-AC-A6IX,1.5518940687179565,1.1501684188842773,-1.4565563201904297,2.2795207500457764,1.339923620223999,-0.41007211804389954,3.7647507190704346,-0.5332114100456238,1.6280224323272705,0.5974075794219971,train
TCGA-D8-A3Z5,-0.12818112969398499,2.2530786991119385,-1.8361248970031738,3.484849691390991,0.04488741233944893,-0.38054993748664856,-0.9414644241333008,1.961342453956604,-0.9052096605300903,-0.1919107884168625,train
TCGA-A2-A0YL,-0.9689913392066956,1.578495979309082,0.2022513747215271,2.120084047317505,-0.39065539836883545,-0.38107264041900635,-1.3283047676086426,2.033299446105957,-0.27859026193618774,-0.20581530034542084,train
TCGA-E2-A3DX,-1.0950411135824916,0.5973516788633094,-1.0914809876291236,0.7554912894512492,3.1491815729701695,-1.3416173184461175,0.2760842788793451,0.21404770039265078,-0.047664368530488554,-0.3113539810912313,test
TCGA-AO-A03L,1.787213921546936,0.9549527764320374,0.6412000060081482,-0.9519231915473938,1.6548371315002441,-0.3010903596878052,-0.730964183807373,0.6550872325897217,0.946630597114563,-0.8652564287185669,train
TCGA-BH-A0BV,-3.483421564102173,2.064422130584717,2.632642984390259,-2.006100654602051,0.8272415399551392,0.3528522849082947,1.9808752536773682,0.044338252395391464,0.49402549862861633,-1.0939934253692627,train
TCGA-A7-A26H,1.3426875158367384,1.5029097055596718,-0.15833364958973148,-1.0061638417559378,-0.6640192883877057,-0.9273064651757489,-0.5352768166539658,-0.21378926143471258,-0.4493566901011367,0.019915726998298505,test
TCGA-AO-A0JI,3.964561659110838,2.0940408892221423,-0.34079731785633854,-0.1377641943779747,-0.541574776106147,3.150688402796193,2.529131672002325,-0.48952883420270904,1.4516318799869283,-0.22446907855867426,test
TCGA-A2-A0T6,2.0448553562164307,1.4822072982788086,-0.1732197105884552,1.3186419010162354,1.0090234279632568,-1.0894982814788818,2.2137062549591064,-1.5902591943740845,-0.8392623066902161,-0.2582603096961975,train
TCGA-B6-A0RG,0.1995171159505844,1.8484498262405396,-0.5995745658874512,-1.3636575937271118,-1.840267539024353,1.5579473972320557,-7.14304256439209,1.0539146661758423,2.5428926944732666,0.9042977094650269,train
TCGA-EW-A424,2.769665479660034,2.0099937915802,-0.22513535618782043,0.5221512913703918,-0.915195643901825,0.4229351580142975,2.908220052719116,2.166799306869507,-0.7320778369903564,-0.38175806403160095,train
TCGA-AC-A2FB,-3.684785842895508,1.036818265914917,-4.562186241149902,1.4729838371276855,1.8461494445800781,-0.49657920002937317,1.742830514907837,1.0621411800384521,0.5954380035400391,-0.9918228983879089,train
TCGA-AN-A0XN,2.6807453632354736,-0.17047764360904694,-1.1616265773773193,-1.600974202156067,-2.882612466812134,-1.2472212314605713,4.006753921508789,-0.8703646063804626,-0.03489017114043236,-0.5601733922958374,train
TCGA-D8-A27I,-0.21982387156150865,1.0448318626988884,-2.1065281915684975,2.013845187682634,1.0712341991268972,-0.21590306992924715,-0.24231942393831493,0.3228851452715326,0.38108803534070684,-0.1853097324992634,test
TCGA-A7-A4SC,1.464550256729126,1.134840488433838,-3.224196195602417,2.370253086090088,-1.0662750005722046,-1.6439415216445923,2.172938585281372,0.46192267537117004,-0.5421675443649292,-1.0188109874725342,train
TCGA-AO-A12C,0.9934283393320857,1.9166252539387718,0.33942970567665726,0.4354679758169054,-0.7848184003193356,0.6951793933127569,-0.9848140794111938,0.1348625623153261,1.1028879703915182,1.11440530391151,test
TCGA-AR-A24L,-1.050009846687317,2.0751428604125977,-0.09723935276269913,-0.6236260533332825,-1.075679898262024,2.4089484214782715,-3.1173837184906006,-0.019893193617463112,1.7776850461959839,0.5509003400802612,train
TCGA-BH-A1EW,-0.07455623965828846,1.1354935513225834,-0.18197179950854503,2.8695475763251963,0.6403470130539707,0.2521205664563026,1.1350620337664354,0.5284049444853648,0.4602501316322846,0.36194213584075724,test
TCGA-D8-A73X,0.5860304354627718,2.7687600273777258,0.3820572763421595,0.15879263297469476,-1.1111040686234688,-1.0536437088004926,1.3436559942289872,1.4658252888843215,-0.8702486946772076,0.4405120946174676,test
TCGA-BH-A1ES,-3.672593593597412,0.43742635846138,-1.0864869356155396,-0.7794288992881775,-5.495329856872559,0.36510932445526123,1.8721328973770142,-0.6896268725395203,1.208179235458374,-1.380840539932251,train
TCGA-A2-A0CR,-0.47902602168381564,0.5378673318336998,-0.9918298307275532,1.0260208935102555,3.8089384120791436,-0.4775173851275505,1.3292702350759948,0.6377900062309758,-0.06674152464236123,-1.2722774200641593,test
TCGA-EW-A2FS,1.8503180742263794,0.6799271702766418,-0.6115292906761169,0.3349584937095642,3.4018402099609375,2.097506046295166,-0.13672776520252228,0.729631781578064,0.8850043416023254,-0.81108558177948,train
